p = 12; number of cycles = 10000; data structure = Apache Data Sketches Java HLL6
true distinct count; minimum memory size; average memory size; maximum memory size; minimum serialization size; average serialization size; maximum serialization size; relative distinct count estimation bias; relative distinct count estimation rmse; estimated memory MVP; estimated serialization MVP
1; 248; 248.0; 248; 12; 12.0; 12; 0.0; 0.0; 0.0; 0.0
2; 248; 248.0; 248; 16; 16.0; 16; 2.4835269396561444E-9; 2.483526939655867E-9; 1.2237125623032929E-14; 7.894919756795437E-16
3; 248; 248.0; 248; 20; 20.0; 20; 4.967053731282552E-9; 4.967053731282552E-9; 4.894849957458468E-14; 3.947459643111668E-15
4; 248; 248.0; 248; 24; 24.0; 24; 7.450580818968433E-9; 7.450580818968431E-9; 1.101341306073209E-13; 1.0658141671676216E-14
5; 248; 248.0; 248; 28; 28.0; 28; 9.934107580988894E-9; 9.934107580989895E-9; 1.9579400296647092E-13; 2.210577452847252E-14
6; 248; 248.0; 248; 32; 32.0; 32; 1.2417634476236117E-8; 1.2417634476236117E-8; 3.0592812963504913E-13; 3.94745973722644E-14
7; 248; 248.0; 248; 36; 36.0; 36; 1.4901161320730287E-8; 1.4901161320730287E-8; 4.4053650367355394E-13; 6.394884730745138E-14
8; 344; 344.0; 344; 44; 44.0; 44; 1.738468857759301E-8; 1.7384688577594724E-8; 8.317297963787492E-13; 1.0638404372286327E-13
9; 344; 344.0; 344; 48; 48.0; 48; 1.986821531987617E-8; 1.986821531987617E-8; 1.0863409369516398E-12; 1.5158245631883348E-13
10; 344; 344.0; 344; 52; 52.0; 52; 2.235174250131422E-8; 2.235174250131421E-8; 1.3749002811095943E-12; 2.0783376342354333E-13
11; 344; 344.0; 344; 56; 56.0; 56; 2.4835269517676683E-8; 2.4835269517674304E-8; 1.697407764266718E-12; 2.763221941829541E-13
12; 344; 344.0; 344; 60; 60.0; 60; 2.7318796410232455E-8; 2.7318796410232442E-8; 2.0538633858598622E-12; 3.5823198590579E-13
13; 344; 344.0; 344; 64; 64.0; 64; 2.9802323480837984E-8; 2.9802323480837964E-8; 2.4442671903251046E-12; 4.54747384246531E-13
14; 344; 344.0; 344; 68; 68.0; 68; 3.228585043757448E-8; 3.2285850437578055E-8; 2.8686191330905177E-12; 5.670526193318465E-13
15; 344; 344.0; 344; 72; 72.0; 72; 3.476937754006333E-8; 3.4769377540063307E-8; 3.326919259168559E-12; 6.963319379655124E-13
16; 344; 344.0; 344; 76; 76.0; 76; 3.725290476097598E-8; 3.725290476097594E-8; 3.819167568934707E-12; 8.437695791832492E-13
17; 344; 344.0; 344; 80; 80.0; 80; 3.973643187043094E-8; 3.97364318704265E-8; 4.345364016966465E-12; 1.0105497713875502E-12
18; 344; 344.0; 344; 84; 84.0; 84; 4.2219958887004495E-8; 4.221995888700444E-8; 4.9055086030127915E-12; 1.1978567518984722E-12
19; 344; 344.0; 344; 88; 88.0; 88; 4.470348582536213E-8; 4.470348582536208E-8; 5.499601326870335E-12; 1.4068747580365974E-12
20; 344; 344.0; 344; 92; 92.0; 92; 4.718701305250761E-8; 4.718701305251276E-8; 6.127642280651163E-12; 1.6387880518020552E-12
21; 344; 344.0; 344; 96; 96.0; 96; 4.967054001965499E-8; 4.967054001965492E-8; 6.789631326163076E-12; 1.8947808352083004E-12
22; 344; 344.0; 344; 100; 100.0; 100; 5.215406724671952E-8; 5.215406724671943E-8; 7.485568601992916E-12; 2.176037384300266E-12
23; 344; 344.0; 344; 104; 104.0; 104; 5.4637594390867336E-8; 5.4637594390866085E-8; 8.215454015698844E-12; 2.4837419117229066E-12
24; 344; 344.0; 344; 108; 108.0; 108; 5.7121121610492764E-8; 5.712112161049265E-8; 8.97928761367998E-12; 2.8190786694111564E-12
25; 472; 472.0; 472; 112; 112.0; 112; 5.960464903864704E-8; 5.960464903864689E-8; 1.3415048770188539E-11; 3.183231911570162E-12
26; 472; 472.0; 472; 116; 116.0; 116; 6.208817624134063E-8; 6.20881762413469E-8; 1.4556259591015463E-11; 3.577385831690241E-12
27; 472; 472.0; 472; 120; 120.0; 120; 6.457170337520674E-8; 6.457170337520657E-8; 1.57440504147049E-11; 4.002724681704636E-12
28; 472; 472.0; 472; 124; 124.0; 124; 6.705523070138497E-8; 6.705523070138477E-8; 1.6978421369634567E-11; 4.4604327327006066E-12
29; 472; 472.0; 472; 128; 128.0; 128; 6.953875795496624E-8; 6.9538757954961E-8; 1.8259372327500837E-11; 4.9516941905087005E-12
30; 472; 472.0; 472; 132; 132.0; 132; 7.202228514321027E-8; 7.202228514321001E-8; 1.9586903288175433E-11; 5.477693292455841E-12
31; 472; 472.0; 472; 136; 136.0; 136; 7.450581250164731E-8; 7.450581250164702E-8; 2.0961014380499477E-11; 6.039614313025273E-12
32; 472; 472.0; 472; 140; 140.0; 140; 7.698933979227718E-8; 7.698933979226836E-8; 2.2381705475667975E-11; 6.63864145464728E-12
33; 472; 472.0; 472; 144; 144.0; 144; 7.947286702126417E-8; 7.947286702126384E-8; 2.384897657358014E-11; 7.275958954651568E-12
34; 472; 472.0; 472; 148; 148.0; 148; 8.19563945075221E-8; 8.195639450752173E-8; 2.5362827868139498E-11; 7.952751111196283E-12
35; 472; 472.0; 472; 152; 152.0; 152; 8.443992182297474E-8; 8.443992182298126E-8; 2.6923259100851204E-11; 8.670202083324964E-12
36; 472; 472.0; 472; 156; 156.0; 156; 8.692344917922885E-8; 8.692344917922842E-8; 2.8530270400999704E-11; 9.429496149482954E-12
37; 472; 472.0; 472; 160; 160.0; 160; 8.940697657297622E-8; 8.940697657297574E-8; 3.018386176866031E-11; 1.0231817548698411E-11
38; 472; 472.0; 472; 164; 164.0; 164; 9.189050400125684E-8; 9.189050400126683E-8; 3.188403320389142E-11; 1.107835051999617E-11
39; 472; 472.0; 472; 168; 168.0; 168; 9.43740314614143E-8; 9.437403146141372E-8; 3.3630784706720935E-11; 1.1970279302392198E-11
40; 472; 472.0; 472; 172; 172.0; 172; 9.685755877342218E-8; 9.685755877342155E-8; 3.542411614728076E-11; 1.290878808756841E-11
42; 472; 472.0; 472; 180; 180.0; 180; 1.0182461384120177E-7; 1.0182461384120105E-7; 3.915051949124307E-11; 1.4930282856829986E-11
44; 472; 472.0; 472; 188; 188.0; 188; 1.0679166851833667E-7; 1.0679166851832982E-7; 4.306324271557128E-11; 1.7152308539252966E-11
46; 472; 472.0; 472; 196; 196.0; 196; 1.1175872362810957E-7; 1.1175872362810866E-7; 4.716228647117148E-11; 1.9584339297350866E-11
48; 472; 472.0; 472; 204; 204.0; 204; 1.167257785243218E-7; 1.1672577852432074E-7; 5.144765023708275E-11; 2.2235848831281525E-11
50; 728; 728.0; 728; 212; 212.0; 212; 1.2169283365892626E-7; 1.21692833658937E-7; 8.624846492919652E-11; 2.511631121564514E-11
52; 728; 728.0; 728; 220; 220.0; 220; 1.266598888677733E-7; 1.2665988886777198E-7; 9.343284465713074E-11; 2.823520030847358E-11
54; 728; 728.0; 728; 228; 228.0; 228; 1.316269442741958E-7; 1.3162694427419425E-7; 1.0090459992099376E-10; 3.1601990085146396E-11
56; 728; 728.0; 728; 236; 236.0; 236; 1.3659399922261173E-7; 1.365939992226048E-7; 1.0866372971199181E-10; 3.522615413740394E-11
58; 728; 728.0; 728; 244; 244.0; 244; 1.4156105486296743E-7; 1.415610548629656E-7; 1.1671023584680422E-10; 3.9117166959643166E-11
60; 728; 728.0; 728; 252; 252.0; 252; 1.465281101786786E-7; 1.4652811017867655E-7; 1.250441167104402E-10; 4.328450193822931E-11
62; 728; 728.0; 728; 260; 260.0; 260; 1.5149516543036983E-7; 1.514951654303819E-7; 1.336653727064876E-10; 4.773763310945986E-11
65; 728; 728.0; 728; 272; 272.0; 272; 1.5894574906164612E-7; 1.5894574906165732E-7; 1.4713608666714823E-10; 5.497392249102242E-11
68; 728; 728.0; 728; 284; 284.0; 284; 1.6639633211171072E-7; 1.663963321117203E-7; 1.6125339391752236E-10; 6.290654378101147E-11
71; 728; 728.0; 728; 296; 296.0; 296; 1.7384691555492627E-7; 1.738469155549343E-7; 1.7601729627934499E-10; 7.156747211357984E-11
74; 728; 728.0; 728; 308; 308.0; 308; 1.8129749934347715E-7; 1.8129749934348363E-7; 1.9142779375399942E-10; 8.098868197284591E-11
77; 728; 728.0; 728; 320; 320.0; 320; 1.887480834369995E-7; 1.887480834369959E-7; 2.074848863426345E-10; 9.120214784291626E-11
80; 728; 728.0; 728; 332; 332.0; 332; 1.9619866709064127E-7; 1.9619866709062988E-7; 2.241885724224463E-10; 1.0223984346737934E-10
84; 728; 728.0; 728; 348; 348.0; 348; 2.0613277924786373E-7; 2.061327792478584E-7; 2.4746596889091935E-10; 1.1829417194236256E-10
88; 728; 728.0; 728; 364; 364.0; 364; 2.160668915704181E-7; 2.1606689157041179E-7; 2.718928671100101E-10; 1.3594643355500506E-10
92; 728; 728.0; 728; 380; 380.0; 380; 2.2600100403673937E-7; 2.2600100403673728E-7; 2.9746926708037205E-10; 1.5527241962986457E-10
96; 728; 728.0; 728; 396; 396.0; 396; 2.3593511692491612E-7; 2.3593511692490818E-7; 3.2419516961610746E-10; 1.7634792193403648E-10
100; 1240; 1240.0; 1240; 412; 412.0; 412; 2.4586922975800007E-7; 2.458692297579909E-7; 5.996806471665343E-10; 1.9924873115533238E-10
105; 1240; 1240.0; 1240; 432; 432.0; 432; 2.5828687130667405E-7; 2.5828687130666436E-7; 6.617841102627031E-10; 2.305570448657159E-10
110; 1240; 1240.0; 1240; 452; 452.0; 452; 2.70704513318585E-7; 2.7070451331860194E-7; 7.269468606281266E-10; 2.649838556483171E-10
115; 1240; 1240.0; 1240; 472; 472.0; 472; 2.831221553625927E-7; 2.8312215536261316E-7; 7.951688961831427E-10; 3.0267719274068013E-10
120; 1240; 1240.0; 1240; 492; 492.0; 492; 2.955397981452279E-7; 2.9553979814521365E-7; 8.664502210941192E-10; 3.437850877244409E-10
125; 1240; 1240.0; 1240; 512; 512.0; 512; 3.0795744112310787E-7; 3.079574411230819E-7; 9.407908325873186E-10; 3.884555695844412E-10
131; 1240; 1240.0; 1240; 536; 536.0; 536; 3.228586130182715E-7; 3.228586130182565E-7; 1.0340378252807174E-9; 4.469711889923101E-10
137; 1240; 1240.0; 1240; 560; 560.0; 560; 3.377597855320266E-7; 3.377597855320174E-7; 1.1316901934085332E-9; 5.110858937974021E-10
143; 1240; 1240.0; 1240; 580; 583.9996; 584; -3.466402338470279E-7; 6.992748183706897E-5; 4.850733894345021E-5; 2.2845376241967217E-5
150; 1240; 1240.0; 1240; 608; 611.9992; 612; -9.632886591167182E-7; 9.427646679160155E-5; 8.816947773182287E-5; 4.351584664217209E-5
157; 1240; 1240.0; 1240; 636; 639.9992; 640; -8.86455972935673E-7; 9.007272073660728E-5; 8.048190260727683E-5; 4.153899458317346E-5
164; 1240; 1240.0; 1240; 664; 667.9992; 668; -8.14698114418338E-7; 8.622782921876455E-5; 7.375756623526184E-5; 3.9733867128307994E-5
172; 1240; 1240.0; 1240; 696; 699.9992; 700; -7.38108383410496E-7; 8.221687926828967E-5; 6.705538314723589E-5; 3.7853802063515E-5
180; 1240; 1240.0; 1240; 728; 731.9992; 732; -6.665605622065287E-7; 7.856246060078329E-5; 6.122683733924429E-5; 3.614354512165883E-5
188; 1240; 1240.0; 1240; 760; 763.9992; 764; -5.994110030485747E-7; 7.521906108602778E-5; 5.612643893458271E-5; 3.4581092294250035E-5
197; 2264; 2264.0; 2264; 796; 799.9992; 800; -5.28457876087228E-7; 7.178232651552845E-5; 9.332574586847289E-5; 3.297726238258906E-5
206; 2264; 2264.0; 2264; 832; 835.9992; 836; -4.6175146906659516E-7; 6.864590126305623E-5; 8.534844877705509E-5; 3.15155631178706E-5
216; 2264; 2264.0; 2264; 872; 875.9992; 876; -3.919683105916373E-7; 6.54675458199764E-5; 7.762802395267017E-5; 3.0036257455883345E-5
226; 2264; 2264.0; 2264; 912; 915.9992; 916; -3.261628371635008E-7; 6.257048348055552E-5; 7.090966457896342E-5; 2.8689574216695595E-5
237; 2264; 2264.0; 2264; 956; 959.9992; 960; -2.577701102032524E-7; 5.9666117638185456E-5; 6.447954579877768E-5; 2.7341127377734067E-5
248; 2264; 2264.0; 2264; 1000; 1003.9992; 1004; -1.9302103371432526E-7; 5.7019434320037804E-5; 5.888602220288772E-5; 2.611374522212081E-5
260; 2264; 2264.0; 2264; 1048; 1051.9992; 1052; -1.25997824957879E-7; 5.4387605682295625E-5; 5.357550703835927E-5; 2.489460713071922E-5
273; 2264; 2264.0; 2264; 1100; 1103.9992; 1104; -5.708189041905869E-8; 5.179761549708393E-5; 4.859436869408007E-5; 2.3696176750339853E-5
286; 2264; 2264.0; 2264; 1152; 1155.9992; 1156; 8.504043256607475E-9; 4.944315233002495E-5; 4.427705365692189E-5; 2.2607879242826314E-5
300; 2264; 2264.0; 2264; 1208; 1211.9992; 1212; 7.590750948459875E-8; 4.713586892254376E-5; 4.0241062999075415E-5; 2.1542462969094083E-5
314; 2264; 2264.0; 2264; 1264; 1267.9992; 1268; 1.4040093736580738E-7; 4.503443326727006E-5; 3.6732950454802474E-5; 2.0573035243078256E-5
329; 2264; 2264.0; 2264; 1324; 1327.9992; 1328; 2.0669384786150462E-7; 4.2981482938074745E-5; 3.346025144207046E-5; 1.962684944649665E-5
345; 2264; 2264.0; 2264; 1388; 1391.9992; 1392; 2.7462294430763553E-7; 4.098858811479878E-5; 3.0429325609435427E-5; 1.8709185912046656E-5
362; 2264; 2264.0; 2264; 1456; 1459.9992; 1460; 3.4406694261572753E-7; 3.9064351422829134E-5; 2.7639338575386932E-5; 1.782394532181716E-5
380; 2264; 2264.0; 2264; 1528; 1531.9992; 1532; 4.1494091865519966E-7; 3.721480797466666E-5; 2.508406828309386E-5; 1.697383946221076E-5
398; 3328; 3328.0; 3328; 3113; 3113.0; 3113; -8.203350633383382E-5; 0.011235674034925876; 3.3610236380127185; 3.143890199859854
417; 3328; 3328.0; 3328; 3113; 3113.0; 3113; -6.048518425744315E-5; 0.011197013822053537; 3.337933907776211; 3.122292143902447
437; 3328; 3328.0; 3328; 3113; 3113.0; 3113; -4.7834575209408726E-5; 0.011246029893831704; 3.36722216724159; 3.1496882832401045
458; 3328; 3328.0; 3328; 3113; 3113.0; 3113; -6.206393680027148E-5; 0.011282263874355497; 3.388955065748751; 3.1700171633641414
480; 3328; 3328.0; 3328; 3113; 3113.0; 3113; -8.056755793303636E-5; 0.011272418607448433; 3.3830430236674984; 3.1644870590976333
504; 3328; 3328.0; 3328; 3113; 3113.0; 3113; -4.694414714325369E-5; 0.011266819691964892; 3.379683200258504; 3.1613442915879575
529; 3328; 3328.0; 3328; 3113; 3113.0; 3113; -4.4153021974751793E-5; 0.011244438684315005; 3.3662693728853132; 3.1487970426057634
555; 3328; 3328.0; 3328; 3113; 3113.0; 3113; -6.739035768945952E-5; 0.01125270513977678; 3.371220681760489; 3.153428480264544
582; 3328; 3328.0; 3328; 3113; 3113.0; 3113; -4.963568519835206E-5; 0.011286570751039504; 3.3915429501683003; 3.172437861740961
611; 3328; 3328.0; 3328; 3113; 3113.0; 3113; -2.9505903675596636E-5; 0.01124690966558258; 3.3677490203342306; 3.150181099849898
641; 3328; 3328.0; 3328; 3113; 3113.0; 3113; -5.722814453114773E-5; 0.01126330144034091; 3.3775728053612815; 3.1593702353033857
673; 3328; 3328.0; 3328; 3113; 3113.0; 3113; -1.4597833705005862E-5; 0.011271082625394634; 3.3822411696745394; 3.163737007571166
706; 3328; 3328.0; 3328; 3113; 3113.0; 3113; 1.8487681301297714E-6; 0.01127360589599807; 3.383755711851872; 3.1651537052268264
741; 3328; 3328.0; 3328; 3113; 3113.0; 3113; -3.329587767991993E-5; 0.011316637650685583; 3.4096368441751324; 3.189362829302039
778; 3328; 3328.0; 3328; 3113; 3113.0; 3113; 7.258662708881528E-7; 0.011281711365906158; 3.3886231500124375; 3.1697066905014175
816; 3328; 3328.0; 3328; 3113; 3113.0; 3113; -2.9401958449038738E-5; 0.011317232513776905; 3.4099953111481525; 3.1896981381022234
856; 3328; 3328.0; 3328; 3113; 3113.0; 3113; -1.8687505752862976E-5; 0.011382393914227495; 3.4493759198051537; 3.226534626909088
898; 3328; 3328.0; 3328; 3113; 3113.0; 3113; -5.9211454761283196E-5; 0.011425162860519405; 3.4753464382711714; 3.2508273624814175
942; 3328; 3328.0; 3328; 3113; 3113.0; 3113; -6.208879140326653E-5; 0.011434161590193182; 3.480823125029761; 3.2559502368442446
989; 3328; 3328.0; 3328; 3113; 3113.0; 3113; -1.1029166919361932E-4; 0.011519303391680034; 3.5328543911617016; 3.3046201080788395
1038; 3328; 3328.0; 3328; 3113; 3113.0; 3113; -1.335862621890773E-4; 0.011536990966103555; 3.543711922535252; 3.314776206385889
1089; 3328; 3328.0; 3328; 3113; 3113.0; 3113; -7.169581563968636E-5; 0.01149886165696649; 3.5203269678667866; 3.2929019984883734
1143; 3328; 3328.0; 3328; 3113; 3113.0; 3113; -8.714150572134411E-5; 0.011501432413768423; 3.52190119606329; 3.2943745262454995
1200; 3328; 3328.0; 3328; 3113; 3113.0; 3113; -1.5359861655075897E-6; 0.011560051539994775; 3.5578926917537017; 3.3280408501890846
1260; 3328; 3328.0; 3328; 3113; 3113.0; 3113; 9.253652983291735E-7; 0.01162419753008192; 3.597487281845686; 3.3650774965101022
1323; 3328; 3328.0; 3328; 3113; 3113.0; 3113; -3.7313734211336104E-5; 0.011588169650347981; 3.575221833703831; 3.3442504712500076
1389; 3328; 3328.0; 3328; 3113; 3113.0; 3113; -9.961054149983979E-5; 0.011602098660975953; 3.5838218514580684; 3.3522948989149532
1458; 3328; 3328.0; 3328; 3113; 3113.0; 3113; -1.1630004278073659E-4; 0.011637332484738437; 3.6056219559619183; 3.3726866433021185
1530; 3328; 3328.0; 3328; 3113; 3113.0; 3113; -1.7036478368582513E-4; 0.011711728384216068; 3.6518698243962464; 3.4159467437937248
1606; 3328; 3328.0; 3328; 3113; 3113.0; 3113; -1.582349601350485E-4; 0.01178784464108178; 3.699492160859435; 3.4604925170539125
1686; 3328; 3328.0; 3328; 3113; 3113.0; 3113; -1.8625141433784183E-4; 0.011773668572167197; 3.6905994883360536; 3.4521743411028045
1770; 3328; 3328.0; 3328; 3113; 3113.0; 3113; -1.935621160927821E-4; 0.011852053059344851; 3.7399042096739; 3.498293811512876
1858; 3328; 3328.0; 3328; 3113; 3113.0; 3113; -1.8054170842554738E-4; 0.011953250411713268; 3.8040423224660054; 3.558288386369193
1950; 3328; 3328.0; 3328; 3113; 3113.0; 3113; -1.6804900513184688E-4; 0.012001539149613494; 3.834839542735197; 3.5870960025645036
2047; 3328; 3328.0; 3328; 3113; 3113.0; 3113; -1.433208455363816E-4; 0.012091580691008146; 3.892597159717054; 3.641122283112738
2149; 3328; 3328.0; 3328; 3113; 3113.0; 3113; -1.700432722531541E-4; 0.012177178447930637; 3.947904561941921; 3.6928566410231967
2256; 3328; 3328.0; 3328; 3113; 3113.0; 3113; -2.3738597115891173E-4; 0.012172937945909968; 3.9451554550879697; 3.690285135723813
2368; 3328; 3328.0; 3328; 3113; 3113.0; 3113; -1.9648064958049737E-4; 0.01225298721013283; 3.997212758900373; 3.7389793625170857
2486; 3328; 3328.0; 3328; 3113; 3113.0; 3113; -1.6110638929096264E-4; 0.012325591486784774; 4.044723551208072; 3.7834207977496184
2610; 3328; 3328.0; 3328; 3113; 3113.0; 3113; -7.774460307672566E-5; 0.012367921856077872; 4.072553233397009; 3.8094525888115656
2740; 3328; 3328.0; 3328; 3113; 3113.0; 3113; -4.819034627822459E-5; 0.012320609184512863; 4.041454261877833; 3.7803627155125277
2877; 3328; 3328.0; 3328; 3113; 3113.0; 3113; -4.13286455766677E-5; 0.012338784004017347; 4.053386606738076; 3.7915241907378703
3020; 3328; 3328.0; 3328; 3113; 3113.0; 3113; -1.0742793042935128E-4; 0.012325744433489804; 4.0448239327563025; 3.7835146943120104
3171; 3328; 3328.0; 3328; 3113; 3113.0; 3113; -1.2203093418312408E-4; 0.01227469092513229; 4.0113858252755445; 3.752236801106602
3329; 3328; 3328.0; 3328; 3113; 3113.0; 3113; -6.397457993680749E-5; 0.012279215610101608; 4.01434371684704; 3.7550036029281353
3495; 3328; 3328.0; 3328; 3113; 3113.0; 3113; -8.34328720056122E-5; 0.012294314551341307; 4.024222133729677; 3.764243840835482
3669; 3328; 3328.0; 3328; 3113; 3113.0; 3113; -4.462924643944853E-5; 0.012256962253845701; 3.9998066851810874; 3.7414057124305065
3852; 3328; 3328.0; 3328; 3113; 3113.0; 3113; 7.71668364239726E-6; 0.012241685789087759; 3.9898425804058446; 3.732085322356789
4044; 3328; 3328.0; 3328; 3113; 3113.0; 3113; -1.2976374136101487E-6; 0.012222495041374463; 3.9773429872097337; 3.7203932449470853
4246; 3328; 3328.0; 3328; 3113; 3113.0; 3113; -6.017934966686255E-5; 0.012230209733002803; 3.9823654737348084; 3.7250912619400416
4458; 3328; 3328.0; 3328; 3113; 3113.0; 3113; -4.6475682924496364E-5; 0.012289512348274885; 4.0210789967036655; 3.761303761039216
4680; 3328; 3328.0; 3328; 3113; 3113.0; 3113; -2.2541784760018223E-5; 0.012292108137754248; 4.022777839847782; 3.762892853198962
4913; 3328; 3328.0; 3328; 3113; 3113.0; 3113; -2.606019355103682E-5; 0.01227013396385653; 4.00840793576; 3.749451293275505
5158; 3328; 3328.0; 3328; 3113; 3113.0; 3113; -5.531061860299437E-5; 0.012355940509384473; 4.064666534561438; 3.802075397262547
5415; 3328; 3328.0; 3328; 3113; 3113.0; 3113; -4.775886969301877E-5; 0.012368328862282087; 4.072821278704193; 3.80970331748983
5685; 3328; 3328.0; 3328; 3113; 3113.0; 3113; 4.39688081666942E-6; 0.012434506009409487; 4.116521402520634; 3.850580266240004
5969; 3328; 3328.0; 3328; 3113; 3113.0; 3113; 1.8961170056213997E-5; 0.01250680308167351; 4.1645293633717335; 3.8954867512548694
6267; 3328; 3328.0; 3328; 3113; 3113.0; 3113; -6.0756211985634266E-5; 0.012608248927372702; 4.232362461572573; 3.9589376030274703
6580; 3328; 3328.0; 3328; 3113; 3113.0; 3113; -4.184055649776536E-5; 0.012648489904351693; 4.259421919613598; 3.9842489290135608
6909; 3328; 3328.0; 3328; 3113; 3113.0; 3113; -1.6167903588864362E-5; 0.012691138199923065; 4.288194262065365; 4.011162481312946
7254; 3328; 3328.0; 3328; 3113; 3113.0; 3113; 1.969299147044753E-6; 0.012771074342796644; 4.3423834486786115; 4.061850864103522
7616; 3328; 3328.0; 3328; 3113; 3113.0; 3113; -6.652128704636997E-5; 0.012814886717683008; 4.372228465933575; 4.089767792803852
7996; 3328; 3328.0; 3328; 3113; 3113.0; 3113; -8.237447370013934E-5; 0.012849295692230037; 4.395739539912086; 4.111759972279544
8395; 3328; 3328.0; 3328; 3113; 3113.0; 3113; -9.51953433752894E-5; 0.012901699287528682; 4.431667156122901; 4.145366543572894
8814; 3328; 3328.0; 3328; 3113; 3113.0; 3113; -5.5722603959495276E-5; 0.012982061197632845; 4.487046898090181; 4.197168567834956
9254; 3328; 3328.0; 3328; 3113; 3113.0; 3113; -1.0063070979668028E-4; 0.013110289474348596; 4.576124869254764; 4.2804918022806735
9716; 3328; 3328.0; 3328; 3113; 3113.0; 3113; -1.0085085179189029E-4; 0.013255422756762253; 4.678002733028101; 4.375788013196058
10201; 3328; 3328.0; 3328; 3113; 3113.0; 3113; -2.5033606340560344E-5; 0.013394063147494322; 4.776370296397519; 4.467800700927126
10711; 3328; 3328.0; 3328; 3113; 3113.0; 3113; 1.6537142025207195E-5; 0.01349651656711738; 4.8497202643029205; 4.536412014054986
11246; 3328; 3328.0; 3328; 3113; 3113.0; 3113; 7.581905253670082E-5; 0.013501633127798491; 4.853398041660729; 4.539852194618344
11808; 3328; 3328.0; 3328; 3113; 3113.0; 3113; 1.0384734960826577E-4; 0.013679274363415166; 4.981950694245654; 4.660099913217163
12398; 3328; 3328.0; 3328; 3113; 3113.0; 3113; 8.787141139369674E-5; 0.013780398137305345; 5.055880902030197; 4.729253980775241
13017; 3328; 3328.0; 3328; 3113; 3113.0; 3113; 4.1535999086987696E-5; 0.01376953098584644; 5.047909962572612; 4.7217979908318926
13667; 3328; 3328.0; 3328; 3113; 3113.0; 3113; 2.8415897087472434E-5; 0.013806005418277053; 5.074688436067204; 4.746846484818872
14350; 3328; 3328.0; 3328; 3113; 3113.0; 3113; -4.760247682376493E-5; 0.013882044163360903; 5.130741661686851; 4.799278483422826
15067; 3328; 3328.0; 3328; 3113; 3113.0; 3113; -8.914163563955213E-5; 0.013963019996003948; 5.190772851332053; 4.855431456188906
15820; 3328; 3328.0; 3328; 3113; 3113.0; 3113; -1.2492830280774126E-4; 0.014081328733385625; 5.27910839433161; 4.938060225827614
16610; 3328; 3328.0; 3328; 3113; 3113.0; 3113; -1.1848866900123526E-4; 0.014172265760400706; 5.3475133812419395; 5.002046020374446
17440; 3328; 3328.0; 3328; 3113; 3113.0; 3113; -8.83823746871447E-5; 0.014310414468759977; 5.452274707415109; 5.100039412314674
18311; 3328; 3328.0; 3328; 3113; 3113.0; 3113; -6.718579886972768E-5; 0.014431332810359689; 5.544803874577885; 5.186590883882499
19226; 3328; 3328.0; 3328; 3113; 3113.0; 3113; -9.846481309535518E-5; 0.014456603384387264; 5.5642397867524185; 5.204771170721238
20187; 3328; 3328.0; 3328; 3113; 3113.0; 3113; -6.980571738862272E-5; 0.014550147189663331; 5.636481397004863; 5.27234572983057
21196; 3328; 3328.0; 3328; 3113; 3113.0; 3113; -9.971651962348493E-5; 0.01466898287894072; 5.728927258899511; 5.358819277930943
22255; 3328; 3328.0; 3328; 3113; 3113.0; 3113; -1.051612999202126E-4; 0.014755685670899538; 5.796850432080014; 5.422354385536384
23367; 3328; 3328.0; 3328; 3113; 3113.0; 3113; -5.569931594575578E-5; 0.014857398713504543; 5.877042902869205; 5.497366152834085
24535; 3328; 3328.0; 3328; 3113; 3113.0; 3113; 4.380444125898554E-5; 0.01494499166000062; 5.946544300702402; 5.562377526468323
25761; 3328; 3328.0; 3328; 3113; 3113.0; 3113; 1.3785613302479122E-4; 0.014975015526900375; 5.970461020982876; 5.584749146129716
27049; 3328; 3328.0; 3328; 3113; 3113.0; 3113; 1.4396139838940741E-4; 0.015117960361554335; 6.084987763539691; 5.691877075690823
28401; 3328; 3328.0; 3328; 3113; 3113.0; 3113; 2.413310737265351E-4; 0.015159793004194738; 6.118709680313165; 5.72342044315351
29821; 3328; 3328.0; 3328; 3113; 3113.0; 3113; 4.009949754107604E-4; 0.01518853929642357; 6.141936511932496; 5.745146743283011
31312; 3328; 3328.0; 3328; 3113; 3113.0; 3113; 3.2126181423860795E-4; 0.015244278715888807; 6.187099005706457; 5.787391587970013
32877; 3328; 3328.0; 3328; 3113; 3113.0; 3113; 3.3912784334096954E-4; 0.015342007466492653; 6.26668238914542; 5.861833617010125
34520; 3328; 3328.0; 3328; 3113; 3113.0; 3113; 2.6540013609938144E-4; 0.015354142520608202; 6.276599814268794; 5.8711103430945775
36245; 3328; 3328.0; 3328; 3113; 3113.0; 3113; 2.7747327715951347E-4; 0.015432642946928777; 6.340944052748443; 5.931297727225332
38057; 3328; 3328.0; 3328; 3113; 3113.0; 3113; 2.76552748942301E-4; 0.015492826852736513; 6.39049705585737; 5.977649439568508
39959; 3328; 3328.0; 3328; 3113; 3113.0; 3113; 2.5908620978139354E-4; 0.01552687329638505; 6.418614941093758; 6.003950814791127
41956; 3328; 3328.0; 3328; 3113; 3113.0; 3113; 2.653178521247687E-4; 0.015545534999094647; 6.434053241456633; 6.01839174899474
44053; 3328; 3328.0; 3328; 3113; 3113.0; 3113; 2.6885160557669845E-4; 0.015628485938386647; 6.50290062426632; 6.0827913591769995
46255; 3328; 3328.0; 3328; 3113; 3113.0; 3113; 3.0306839994055857E-4; 0.015645500866733275; 6.517067910804216; 6.096043391326179
48567; 3328; 3328.0; 3328; 3113; 3113.0; 3113; 2.6425047573609017E-4; 0.015665128273594585; 6.5334295956812625; 6.111348056296806
50995; 3328; 3328.0; 3328; 3113; 3113.0; 3113; 1.9206959055170677E-4; 0.015754825556469537; 6.6084636018528515; 6.18153461315142
53544; 3328; 3328.0; 3328; 3113; 3113.0; 3113; 2.12374157515022E-4; 0.01576453688386767; 6.616613071087029; 6.189157599246972
56221; 3328; 3328.0; 3328; 3113; 3113.0; 3113; 1.1699367518589052E-4; 0.01571835647474837; 6.577904626635638; 6.1529498505759435
59032; 3328; 3328.0; 3328; 3113; 3113.0; 3113; 1.2175827184230639E-4; 0.01574525466691724; 6.600436897462333; 6.174026460877477
61983; 3328; 3328.0; 3328; 3113; 3113.0; 3113; 1.3683976488453796E-4; 0.01583062748032452; 6.672207797187535; 6.241160718943749
65082; 3328; 3328.0; 3328; 3113; 3113.0; 3113; 1.1897540993585339E-4; 0.015867256412648224; 6.703119849147269; 6.27007574831594
68336; 3328; 3328.0; 3328; 3113; 3113.0; 3113; 2.0764402951253073E-5; 0.015887974449177847; 6.720635939369915; 6.286460240161823
71752; 3328; 3328.0; 3328; 3113; 3113.0; 3113; 4.93798103328489E-5; 0.015883783383983104; 6.717090753865463; 6.2831440855718705
75339; 3328; 3328.0; 3328; 3113; 3113.0; 3113; 9.050670877034704E-5; 0.015887514023601643; 6.720246423658098; 6.286095888475859
79105; 3328; 3328.0; 3328; 3113; 3113.0; 3113; 9.027951083866386E-5; 0.015788821571915426; 6.637014069631312; 6.208240624628087
83060; 3328; 3328.0; 3328; 3113; 3113.0; 3113; 6.09667436820255E-5; 0.01584626320122535; 6.6853944253493545; 6.253495446548238
87213; 3328; 3328.0; 3328; 3113; 3113.0; 3113; 1.0350972974355528E-4; 0.015884962917628143; 6.71808841651707; 6.284077295858665
91573; 3328; 3328.0; 3328; 3113; 3113.0; 3113; 1.374298900847077E-4; 0.01585667905579841; 6.694186022546936; 6.261719076979752
96151; 3328; 3328.0; 3328; 3113; 3113.0; 3113; 1.8922179947220772E-4; 0.015843133773744335; 6.682754132061919; 6.251025725092775
100958; 3328; 3328.0; 3328; 3113; 3113.0; 3113; 2.7581065158662106E-4; 0.01584272203130901; 6.682406784403888; 6.250700817262412
106005; 3328; 3328.0; 3328; 3113; 3113.0; 3113; 2.3618938412272645E-4; 0.01582575469874212; 6.668100921757404; 6.23731916148762
111305; 3328; 3328.0; 3328; 3113; 3113.0; 3113; 2.0384059392703193E-4; 0.015862280461385107; 6.698916328782471; 6.266143789513171
116870; 3328; 3328.0; 3328; 3113; 3113.0; 3113; 1.6703566809135047E-4; 0.015924182309871172; 6.751302797504885; 6.315145916055501
122713; 3328; 3328.0; 3328; 3113; 3113.0; 3113; 1.5265167740881902E-4; 0.01596211356077475; 6.783504181763888; 6.345266982521329
128848; 3328; 3328.0; 3328; 3113; 3113.0; 3113; 7.600132464823675E-5; 0.01605820673578279; 6.865424479024777; 6.421894952885856
135290; 3328; 3328.0; 3328; 3113; 3113.0; 3113; 7.563601259114836E-5; 0.016098870687623897; 6.900238922585839; 6.454460266228882
142054; 3328; 3328.0; 3328; 3113; 3113.0; 3113; 1.0777597040755006E-5; 0.016134170248525245; 6.9305320343739645; 6.482796341047522
149156; 3328; 3328.0; 3328; 3113; 3113.0; 3113; -2.259842977258989E-5; 0.016141397178613542; 6.9367421694172995; 6.4886052804675645
156613; 3328; 3328.0; 3328; 3113; 3113.0; 3113; -2.598308417349138E-5; 0.01621432469025488; 6.999564753086704; 6.547369313809768
164443; 3328; 3328.0; 3328; 3113; 3113.0; 3113; -3.061894904431664E-5; 0.016201200356801414; 6.988238047264541; 6.536774351302438
172665; 3328; 3328.0; 3328; 3113; 3113.0; 3113; -1.6593385181500796E-4; 0.016158254879371534; 6.951238880681047; 6.502165455396664
181298; 3328; 3328.0; 3328; 3113; 3113.0; 3113; -1.830737541588646E-4; 0.01619282306411962; 6.981012980155387; 6.530016047843665
190362; 3328; 3328.0; 3328; 3113; 3113.0; 3113; -2.6176787068893056E-4; 0.016127337982037148; 6.92466359301971; 6.4773070207543135
199880; 3328; 3328.0; 3328; 3113; 3113.0; 3113; -2.800960034957837E-4; 0.016228007445706228; 7.011383159915844; 6.558424211784261
209874; 3328; 3328.0; 3328; 3113; 3113.0; 3113; -3.044182912903102E-4; 0.016263704514479598; 7.042263242641313; 6.58730933724231
220367; 3328; 3328.0; 3328; 3113; 3113.0; 3113; -3.049024094223745E-4; 0.016239519819940967; 7.021334634023569; 6.56773278717409
231385; 3328; 3328.0; 3328; 3113; 3113.0; 3113; -2.1853798952832762E-4; 0.016238181280353887; 7.020177217161749; 6.566650143336696
242954; 3328; 3328.0; 3328; 3113; 3113.0; 3113; -1.922499565877854E-4; 0.01616093925892023; 6.953548698617077; 6.504326051320601
255101; 3328; 3328.0; 3328; 3113; 3113.0; 3113; -2.3327419685967944E-4; 0.016146491253031234; 6.94112120257492; 6.492701413346071
267856; 3328; 3328.0; 3328; 3113; 3113.0; 3113; -2.2876207924404807E-4; 0.016182104224523815; 6.971773875678351; 6.521373820608985
281248; 3328; 3328.0; 3328; 3113; 3113.0; 3113; -2.1010132089988292E-4; 0.01618544498657679; 6.9746527895051225; 6.5240667469138955
295310; 3328; 3328.0; 3328; 3113; 3113.0; 3113; -1.807008015218873E-4; 0.016201145152072983; 6.988190423246833; 6.536729803956547
310075; 3328; 3328.0; 3328; 3113; 3113.0; 3113; -1.5739048992423078E-4; 0.016198045939330843; 6.98551705453515; 6.534229143860554
325578; 3328; 3328.0; 3328; 3113; 3113.0; 3113; -2.0862096994050453E-4; 0.016201912964539995; 6.988852814309131; 6.537349402327021
341856; 3328; 3328.0; 3328; 3113; 3113.0; 3113; -1.4857885915736674E-4; 0.01616942165772557; 6.960850038147528; 6.511155699745569
358948; 3328; 3328.0; 3328; 3113; 3113.0; 3113; -2.865288431265575E-4; 0.016079103563017734; 6.883304300694004; 6.438619677902774
376895; 3328; 3328.0; 3328; 3113; 3113.0; 3113; -2.500344240632325E-4; 0.016093890322023487; 6.895970250885481; 6.450467365086089
395739; 3328; 3328.0; 3328; 3113; 3113.0; 3113; -2.736848589559877E-4; 0.016161762455484754; 6.954257108331962; 6.504988695383834
415525; 3328; 3328.0; 3328; 3113; 3113.0; 3113; -3.4256401846413426E-4; 0.016105107454423437; 6.905586318419619; 6.459462202295755
436301; 3328; 3328.0; 3328; 3113; 3113.0; 3113; -3.446507327482231E-4; 0.0161384969776; 6.9342496789464185; 6.486273813269291
458116; 3328; 3328.0; 3328; 3113; 3113.0; 3113; -3.268759468857713E-4; 0.016078334265519564; 6.882645659236651; 6.438003586900149
481021; 3328; 3328.0; 3328; 3113; 3113.0; 3113; -2.594827998823492E-4; 0.01605515000969839; 6.862811020986237; 6.419450333031898
505072; 3328; 3328.0; 3328; 3113; 3113.0; 3113; -2.734533362806936E-4; 0.01616297172011316; 6.955297818065531; 6.5059621717662255
530325; 3328; 3328.0; 3328; 3113; 3113.0; 3113; -2.9091713856768106E-4; 0.01611563569608484; 6.91461791857871; 6.46791033068976
556841; 3328; 3328.0; 3328; 3113; 3113.0; 3113; -3.817003650829592E-4; 0.016217993206779836; 7.0027324365149; 6.550332354228029
584683; 3328; 3328.0; 3328; 3113; 3113.0; 3113; -3.58898665423297E-4; 0.016253196155154026; 7.03316584110669; 6.57879965846308
613917; 3328; 3328.0; 3328; 3113; 3113.0; 3113; -3.1362036336680547E-4; 0.016219416115189542; 7.003961279548851; 6.551481809866458
644612; 3328; 3328.0; 3328; 3113; 3113.0; 3113; -3.9040939342559585E-4; 0.016166887332155277; 6.9586681817862885; 6.509114798648051
676842; 3328; 3328.0; 3328; 3113; 3113.0; 3113; -4.1569086943327676E-4; 0.016218477503523985; 7.003150669660317; 6.550723568104738
710684; 3328; 3328.0; 3328; 3113; 3113.0; 3113; -4.436302709064502E-4; 0.016238113244295308; 7.020118389860889; 6.566595116477449
746218; 3328; 3328.0; 3328; 3113; 3113.0; 3113; -4.420872627885125E-4; 0.01619062032215362; 6.979113827143144; 6.528239586507394
783528; 3328; 3328.0; 3328; 3113; 3113.0; 3113; -4.205922070369372E-4; 0.016231374539411144; 7.014292997534465; 6.561146064099996
822704; 3328; 3328.0; 3328; 3113; 3113.0; 3113; -3.9912674878666193E-4; 0.01623196432407966; 7.01480275074362; 6.561622885536324
863839; 3328; 3328.0; 3328; 3113; 3113.0; 3113; -4.928773317099718E-4; 0.016233238804683046; 7.015904352600633; 6.56265332020606
907030; 3328; 3328.0; 3328; 3113; 3113.0; 3113; -4.2206439755887145E-4; 0.016303984002671724; 7.077188867424014; 6.619978649125888
952381; 3328; 3328.0; 3328; 3113; 3113.0; 3113; -5.049977869562629E-4; 0.016214652214367933; 6.999847533829712; 6.547633825965113
1000000; 3328; 3328.0; 3328; 3113; 3113.0; 3113; -4.3039374693566853E-4; 0.01619157974535223; 6.979940987804278; 6.529013309806105
