p = 12; number of cycles = 10000; data structure = Apache Data Sketches Java CPC
true distinct count; minimum memory size; average memory size; maximum memory size; minimum serialization size; average serialization size; maximum serialization size; relative distinct count estimation bias; relative distinct count estimation rmse; estimated memory MVP; estimated serialization MVP
1; 136; 136.0; 136; 36; 36.0; 36; 0.0; 0.0; 0.0; 0.0
2; 136; 136.0; 136; 36; 36.2504; 40; -5.9325364271260696E-5; 0.007071184819882874; 0.05440180037555289; 0.0145006398848084
3; 136; 136.0; 136; 36; 39.9988; 40; -1.8634234994983482E-5; 0.005773606345638441; 0.03626796889502336; 0.01066672966351662
4; 136; 151.9936; 152; 40; 40.0244; 44; 2.2060673291106836E-5; 0.00500026929191606; 0.030401994540000164; 0.00800574228300917
5; 152; 152.0; 152; 40; 42.246; 44; 8.276587229295338E-5; 0.0040013582110434995; 0.019469214920231643; 0.005411160878421749
6; 152; 152.0; 152; 40; 43.9996; 48; 7.011492359880253E-5; 0.004714598722266104; 0.027028568392183705; 0.007823988143610041
7; 152; 183.9552; 184; 44; 44.2116; 48; 4.411922018802988E-5; 0.00534427331611714; 0.042031934357668194; 0.01010191105795043
8; 184; 184.0; 184; 44; 47.4368; 52; 3.4792601345925876E-5; 0.005587868292505354; 0.04596212846405722; 0.011849436388716246
9; 184; 184.0; 184; 44; 48.006; 52; 1.4343265785501636E-5; 0.005875052568656659; 0.0508079092315534; 0.013255893970488871
10; 184; 184.0; 184; 48; 48.4604; 52; -3.888398135678628E-6; 0.006075950124439134; 0.05434207411439707; 0.014312166567463739
11; 184; 184.0; 184; 48; 51.2476; 56; -2.0508402805684835E-5; 0.006222847428566171; 0.057001477935480965; 0.015876026851338883
12; 184; 184.0; 184; 48; 52.0156; 56; -1.9239158322450934E-5; 0.006224211123910633; 0.05702646365729893; 0.016121009364198902
13; 184; 247.5712; 248; 52; 52.5676; 56; -2.7305679805617364E-5; 0.0062814897332696944; 0.07814755904467982; 0.01659332597990845
14; 248; 248.0; 248; 52; 55.1316; 60; 1.9239594275019455E-7; 0.006128223766196637; 0.07450937103269736; 0.0165637937097833
15; 248; 248.0; 248; 52; 56.0192; 60; -4.396462172948972E-5; 0.006372370489431443; 0.08056449761868023; 0.018198220584678917
16; 248; 248.0; 248; 56; 56.6736; 60; -2.1204758198203578E-5; 0.006257044777323737; 0.07767480894134156; 0.01775044779039522
17; 248; 248.0; 248; 56; 58.684; 64; -1.989353155211872E-5; 0.006252904342613278; 0.07757204443225803; 0.0183557978042848
18; 248; 248.0; 248; 56; 59.96; 64; -3.0814712651637695E-6; 0.006180907810741009; 0.07579598478792036; 0.01832551309630526
19; 248; 248.0; 248; 56; 60.3844; 64; -1.5379926342432303E-5; 0.006236240257343055; 0.07715913401385543; 0.018787129080428438
20; 248; 248.0; 248; 60; 61.9772; 68; -1.2367161923696558E-5; 0.0062252436325695715; 0.07688725803713843; 0.01921474584201345
21; 248; 248.0; 248; 60; 63.732; 68; -2.0075956898328228E-5; 0.006254254567410646; 0.07760554918485023; 0.019943374438100302
22; 248; 248.0; 248; 60; 64.2144; 68; -3.7047104428620387E-5; 0.006311857450681587; 0.07904165624380571; 0.020466179559283215
23; 248; 248.0; 248; 64; 65.394; 68; -5.7718841088837736E-5; 0.006434255990803363; 0.08213690590789492; 0.021658309777987425
24; 248; 248.0; 248; 64; 67.282; 72; -3.1537780699568164E-5; 0.006339474005447206; 0.07973483844082982; 0.021631933064418997
25; 248; 372.7616; 376; 64; 68.0896; 72; -4.4271875687300975E-5; 0.006368649404053128; 0.12095277512078488; 0.022093547395612086
26; 248; 375.9616; 376; 64; 68.9104; 72; -5.6753651541421235E-5; 0.00641706169509716; 0.12385282175169782; 0.02270111492247665
27; 376; 376.0; 376; 68; 70.7004; 76; -7.64353470457688E-5; 0.0064572294093379855; 0.12542100142761672; 0.02358328449290711
28; 376; 376.0; 376; 68; 71.9284; 76; -7.03335599406454E-5; 0.006446147694603259; 0.12499088286272182; 0.023910622922614363
29; 376; 376.0; 376; 68; 72.5896; 76; -5.1479096849618E-5; 0.006383296836002641; 0.12256540731753618; 0.023662164603768684
30; 376; 376.0; 376; 72; 74.1072; 80; -3.784993419480115E-5; 0.006354364177266607; 0.12145685584476601; 0.02393837103047671
31; 376; 376.0; 376; 72; 75.6384; 80; -4.187693634045997E-5; 0.006350963817322646; 0.12132690215809581; 0.024406842436688603
32; 376; 376.0; 376; 72; 76.3732; 80; -2.431350032618409E-5; 0.006329016344375478; 0.12048979524521476; 0.024473912846334666
33; 376; 376.0; 376; 72; 77.252; 84; -4.180615992619605E-5; 0.00636859991505085; 0.12200166715298097; 0.0250661510396332
34; 376; 376.0; 376; 76; 78.7204; 84; -5.293159353439905E-5; 0.0063905014825138455; 0.12284223566761905; 0.025718590235769254
35; 376; 376.0; 376; 76; 79.8232; 84; -4.9639570518012E-5; 0.006367460786463127; 0.12195802705637405; 0.02589117017374031
36; 376; 376.0; 376; 76; 80.5448; 88; -8.327082295208E-5; 0.00642955869812609; 0.1243483889583678; 0.026637276912164744
37; 376; 376.0; 376; 76; 81.7068; 88; -8.3074300371436E-5; 0.00644523501192604; 0.12495549151174346; 0.027153492962371593
38; 376; 376.0; 376; 80; 83.078; 88; -7.283048210374628E-5; 0.006406986120526504; 0.12347680921504672; 0.02728246371267993
39; 376; 376.0; 376; 80; 84.0276; 88; -5.845311716331009E-5; 0.006383585375978628; 0.12257648805524386; 0.027393106669443643
40; 376; 376.0; 376; 80; 84.8228; 92; -5.52996779902775E-5; 0.006369466723802798; 0.12203487988765849; 0.027530160132273614
42; 376; 376.0; 376; 84; 87.384; 92; -7.946698916997985E-5; 0.006425145768809277; 0.12417775443654683; 0.02885943854702981
44; 376; 376.0; 376; 84; 89.1912; 96; -5.0719464024420606E-5; 0.0063960299960339395; 0.12305487272817907; 0.029189924905514798
46; 376; 376.0; 376; 88; 91.6528; 100; -3.048480397614169E-5; 0.006360922012997447; 0.12170767719714998; 0.029667152650571668
48; 376; 376.0; 376; 88; 93.562; 100; -1.561131434855015E-5; 0.006338535146650359; 0.12085249963840826; 0.030072344604172213
50; 376; 630.848; 632; 92; 95.9044; 104; -9.47443569782324E-6; 0.006343465776503624; 0.20308035777253375; 0.03087320537429014
52; 632; 632.0; 632; 92; 97.9388; 104; 1.2101916924193509E-5; 0.006335262567404118; 0.20292534989044436; 0.03144662224343394
54; 632; 632.0; 632; 96; 100.162; 108; 2.7713129249876048E-6; 0.006356796067544072; 0.20430717717140212; 0.03237945487316769
56; 632; 632.0; 632; 96; 102.318; 108; 1.067373916727341E-5; 0.0063569589322012765; 0.20431764623294676; 0.033078121720352294
58; 632; 632.0; 632; 100; 104.4308; 112; 3.056949020430348E-5; 0.0063677753242082835; 0.20501353240243694; 0.033876150632298124
60; 632; 632.0; 632; 100; 106.678; 112; 4.618992482438619E-5; 0.006344515287073493; 0.2035185320963091; 0.034352768935079214
62; 632; 632.0; 632; 104; 108.7364; 116; 5.794772975691204E-5; 0.006338467566237366; 0.2031307210221568; 0.03494889767935704
65; 632; 632.0; 632; 108; 111.7532; 120; 5.577730990126108E-5; 0.006342277936504936; 0.20337501852712367; 0.035961723291875566
68; 632; 632.0; 632; 108; 114.5148; 120; 4.3855608037692915E-5; 0.006350928006780265; 0.20393015278317891; 0.036950982056859455
71; 632; 632.0; 632; 112; 117.2964; 124; 2.7658889878166182E-5; 0.0063833832431113855; 0.20601977271336852; 0.03823635706977273
74; 632; 632.0; 632; 116; 120.2132; 128; 1.3136345885621535E-5; 0.006388379371685375; 0.20634239287868433; 0.03924854326519598
77; 632; 632.0; 632; 116; 123.0752; 132; 2.753226650163796E-5; 0.006366858625009359; 0.20495450952432828; 0.03991268552311488
80; 632; 632.0; 632; 120; 125.8616; 132; 3.23851567429525E-5; 0.0063757575129062384; 0.20552783521325102; 0.04093047813999385
84; 632; 632.0; 632; 124; 129.6728; 136; 3.708022857011298E-5; 0.0063547500433666915; 0.20417568006271034; 0.04189245589499339
88; 632; 632.0; 632; 128; 133.4704; 140; 7.100389696122234E-5; 0.006328388258652393; 0.20248520564657332; 0.042762312328687345
92; 632; 632.0; 632; 132; 137.2696; 144; 7.780387253484513E-5; 0.006337874789272416; 0.20309272900576605; 0.04411148366064858
96; 632; 632.0; 632; 136; 141.074; 148; 6.399176606214265E-5; 0.0063757138418967935; 0.20552501968042214; 0.04587695668733524
100; 632; 1143.3856; 1144; 140; 144.8632; 152; 6.629020473275502E-5; 0.006381999264714106; 0.3725599828784391; 0.047202126134626765
105; 1144; 1144.0; 1144; 144; 149.6064; 156; 5.5351078477265125E-5; 0.006387376501611229; 0.3733885911031648; 0.04882982772379066
110; 1144; 1144.0; 1144; 148; 154.3568; 164; 5.285391020440834E-5; 0.006400871684856001; 0.3749680409994724; 0.050593415131946984
115; 1144; 1144.0; 1144; 152; 159.1112; 168; 2.3464551231102523E-5; 0.0063809103804259885; 0.3726329901742735; 0.05182699495298677
120; 1144; 1144.0; 1144; 156; 163.8392; 172; 2.267691941765585E-5; 0.006367315078272746; 0.3710468023525071; 0.05313986998251126
125; 1144; 1144.0; 1144; 160; 168.5756; 176; 1.7988759186064737E-5; 0.006370077594875478; 0.3713688361444506; 0.05472353529226613
131; 1144; 1144.0; 1144; 164; 173.5488; 184; -1.1772154263888208E-5; 0.006369937369683074; 0.37135248636140444; 0.056335470616292044
137; 1144; 1144.0; 1144; 172; 178.4504; 188; -6.0426851724803194E-5; 0.00640438253173014; 0.3753794900877065; 0.05855473790030354
143; 1144; 1144.0; 1144; 176; 183.3636; 192; -5.5605883620519785E-5; 0.006425792994600361; 0.3778935444577328; 0.06056986077668701
150; 1144; 1144.0; 1144; 180; 189.1; 200; -4.5306068929978285E-5; 0.006427531584587382; 0.37809806110298755; 0.0624985518833697
157; 1144; 1144.0; 1144; 188; 194.8148; 204; -4.8648711640391634E-5; 0.00644050239280693; 0.3796256104486723; 0.06464745399863286
164; 1144; 1144.0; 1144; 192; 200.5216; 212; -4.600583274553994E-5; 0.006464520428171716; 0.38246230299991474; 0.06703842039967457
172; 1144; 1144.0; 1144; 196; 207.0568; 216; -3.6175069679267366E-5; 0.006449205902852199; 0.3806523340266152; 0.06889567674482697
180; 1144; 1144.0; 1144; 204; 213.566; 224; -2.035302681759791E-5; 0.006431525387285256; 0.3785680761243617; 0.07067243858878972
188; 1144; 1144.0; 1144; 208; 220.1332; 232; -1.605699778282679E-5; 0.006414320501912332; 0.3765453806514663; 0.07245641572379839
197; 1144; 2145.2672; 2168; 216; 227.484; 240; -5.870801286482313E-6; 0.006407843786790964; 0.7046852986934733; 0.07472478509343083
206; 2168; 2168.0; 2168; 224; 234.808; 244; -3.181580645476846E-5; 0.006376224977713544; 0.7051419126975552; 0.07637129254459758
216; 2168; 2168.0; 2168; 232; 242.9528; 256; -1.7418562447840077E-5; 0.006369766065241246; 0.7037140637259915; 0.07886037923505908
226; 2168; 2168.0; 2168; 240; 251.1084; 264; -3.105475132966328E-5; 0.0063714081203494425; 0.7040769298669347; 0.08154964545009141
237; 2168; 2168.0; 2168; 248; 260.05; 272; -3.683368149148387E-5; 0.006366542665990654; 0.7030020195420998; 0.08432457342339626
248; 2168; 2168.0; 2168; 256; 269.0248; 284; -2.192155698555844E-5; 0.006371754186921445; 0.7041534166033478; 0.08737764394420311
260; 2168; 2168.0; 2168; 268; 278.3504; 292; -1.9243877558295652E-5; 0.006410632333392894; 0.7127726127154175; 0.09151316506382912
273; 2168; 2168.0; 2168; 276; 287.192; 304; -3.534416402112542E-5; 0.006443738297476149; 0.720153461744882; 0.09539774584199084
286; 2168; 2168.0; 2168; 284; 296.0836; 312; -1.8285614075523844E-5; 0.006435158502471211; 0.7182369793262311; 0.09808957126016422
300; 2168; 2168.0; 2168; 292; 305.6832; 324; -6.343472560447085E-5; 0.006416643233812219; 0.7141098954046479; 0.10068791419693637
314; 2168; 2168.0; 2168; 300; 315.2248; 332; -4.892219379600365E-5; 0.0064218625896308315; 0.7152720948190148; 0.10399977077255765
329; 2168; 2168.0; 2168; 312; 325.4712; 340; -4.9627596042136624E-5; 0.006412012289836409; 0.7130795094373481; 0.10705112713652445
345; 2168; 2168.0; 2168; 324; 336.3616; 352; -6.3555419262123E-5; 0.006463212859349879; 0.7245130013495671; 0.11240698909351594
362; 2168; 2168.0; 2168; 336; 347.9448; 364; -5.665481236709027E-5; 0.006474942478433858; 0.7271451204375273; 0.11670035216863991
380; 2168; 2168.0; 2168; 344; 360.1464; 376; -4.8632393107397245E-5; 0.006455143170139361; 0.7227049393303131; 0.12005515782381489
398; 2168; 4244.8432; 4296; 356; 372.39; 388; -6.170168180895333E-5; 0.006445088249958887; 1.410617853464283; 0.12375014993523537
417; 4248; 4249.368; 4296; 368; 385.2584; 404; -5.657472821343913E-5; 0.006426504034297562; 1.4039896269287127; 0.12728923390187735
437; 4248; 4249.5904; 4296; 380; 398.7844; 416; -5.978240064925237E-5; 0.006433593636862936; 1.4071626904204009; 0.13204908623703718
458; 4248; 4249.7744; 4296; 396; 412.9796; 432; -7.092121952770169E-5; 0.006444408975112413; 1.4119588852306975; 0.13720968709280645
480; 4248; 4250.0368; 4296; 408; 427.8212; 444; -8.325135152923766E-5; 0.006465369422252053; 1.4212463662654424; 0.1430668378945145
504; 4248; 4250.3648; 4296; 424; 443.9824; 460; -5.502583272259713E-5; 0.006476371352971271; 1.426197528231371; 0.14897700109370185
529; 4248; 4250.6768; 4296; 444; 461.3624; 480; -5.747663944404302E-5; 0.00642205181729655; 1.4024767892405565; 0.15222283129790468
555; 4248; 4251.0416; 4296; 456; 475.7436; 496; -6.140393265426038E-5; 0.006430697306722183; 1.4063761004332795; 0.15739070372166908
582; 4248; 4251.4352; 4296; 472; 490.5148; 508; -4.004480680210279E-5; 0.006415496111308893; 1.3998646385144748; 0.16151118172705536
611; 4248; 4251.8592; 4296; 484; 506.3652; 528; -9.165567918903798E-6; 0.006390470069001096; 1.3891030715738901; 0.16543197259639433
641; 4248; 4252.3472; 4296; 500; 522.6748; 540; -1.3488895928782218E-5; 0.006399261892758099; 1.3930877473513368; 0.17123057584039947
673; 4248; 4252.936; 4296; 516; 540.0448; 560; -5.357692619255184E-6; 0.0064097855069258; 1.3978669210296153; 0.17750343804704666
706; 4248; 4253.5408; 4296; 536; 557.8956; 580; 1.7232093252509004E-5; 0.0064161580799927675; 1.4008469885561121; 0.18373548249230506
741; 4248; 4254.1808; 4296; 552; 576.732; 600; 3.577736364255245E-5; 0.00636857896459454; 1.3803556787437594; 0.18713245363554973
778; 4248; 4254.928; 4296; 572; 596.6156; 620; 4.552196326019502E-5; 0.006361680118763857; 1.3776086414145143; 0.1931649151672379
816; 4248; 4255.7216; 4296; 588; 616.9288; 640; 4.6981271175932E-5; 0.006392145370009479; 1.3910940174136879; 0.20165932913708587
856; 4248; 4256.6432; 4296; 612; 638.2436; 664; 3.373285366718323E-5; 0.006429224284210439; 1.4075842158717509; 0.21105401017429964
898; 4248; 4257.5856; 4296; 632; 660.51; 684; 1.2717059280311776E-5; 0.00644565564679521; 1.4151014480104211; 0.21953490669109818
942; 4248; 4258.6944; 4296; 656; 683.7624; 712; 1.2779578266633516E-5; 0.006448925845275769; 1.4169066214573882; 0.227494011325066
989; 4248; 4259.8816; 4360; 680; 708.462; 736; -2.6122086443527485E-5; 0.006454597272199278; 1.4197955661677664; 0.23612656426844073
1038; 4248; 4261.1408; 4360; 708; 734.1188; 760; -4.7414919117570285E-5; 0.006438801063136452; 1.4132724269159431; 0.24348171224959753
1089; 4248; 4262.5488; 4360; 736; 770.2568; 796; -2.877533341631343E-5; 0.006488347487934096; 1.4355805068487415; 0.2594141907179314
1143; 4248; 4264.0816; 4360; 768; 792.404; 820; -3.519430584477996E-5; 0.006497241910429177; 1.440036725521961; 0.2676053060172451
1200; 4248; 4265.568; 4360; 788; 815.6044; 844; -1.070104204278878E-5; 0.006549572249412674; 1.4638370372058165; 0.2798951812344868
1260; 4248; 4267.2096; 4360; 812; 839.8416; 868; -2.7806238298170294E-5; 0.006569167603845883; 1.473176041786401; 0.2899399467079277
1323; 4248; 4269.0672; 4360; 840; 865.118; 896; -7.393052939846764E-6; 0.006512685905826309; 1.4485825362276379; 0.29355237757236097
1389; 4248; 4270.992; 4360; 864; 891.3872; 924; -2.5636875098376805E-5; 0.006486682158988781; 1.4376857953808995; 0.30005551769339606
1458; 4248; 4272.9408; 4360; 892; 918.5608; 952; -4.3057012454246034E-5; 0.006499519879316641; 1.4440406394451328; 0.31042768600988635
1530; 4248; 4275.0; 4360; 916; 946.7484; 980; -7.994708691855338E-5; 0.006506085259998041; 1.447656773034441; 0.320600405525034
1606; 4248; 4277.2496; 4360; 944; 976.2168; 1012; -7.36855035438184E-5; 0.0065285758722259885; 1.4584498249050473; 0.3328688653169471
1686; 4248; 4279.568; 4360; 976; 1006.9684; 1040; -8.818046073491453E-5; 0.006511671831974813; 1.4516934895578397; 0.34157874590857645
1770; 4248; 4281.9824; 4360; 1008; 1038.9292; 1072; -7.849823844438175E-5; 0.006498022288630319; 1.446429458557555; 0.3509444130913836
1858; 4248; 4284.5024; 4360; 1040; 1072.106; 1112; -9.224381275727881E-5; 0.006524519045771561; 1.4591078160680189; 0.3651108339333453
1950; 4248; 4287.1344; 4360; 1076; 1106.436; 1148; -7.824277058881689E-5; 0.006533212150419847; 1.463897293550238; 0.3778068319683542
2047; 4248; 4290.0144; 4360; 1108; 1142.1696; 1180; -7.30629955965152E-5; 0.006551706178978215; 1.473185929269461; 0.3922197052670332
2149; 4248; 4292.7696; 4360; 1140; 1179.3884; 1220; -1.1050592567824666E-4; 0.00657292752734138; 1.483697122486242; 0.4076284866007375
2256; 4248; 4295.7104; 4360; 1180; 1225.5408; 1280; -1.2754308605765388E-4; 0.006583830245694565; 1.489643108045077; 0.42498637858549543
2368; 4248; 4299.1776; 4360; 1212; 1257.6604; 1308; -1.0952432744384755E-4; 0.006624402812798494; 1.5092766011988032; 0.44151639931654074
2486; 4248; 4302.68; 4360; 1244; 1290.36; 1340; -7.188828004823524E-5; 0.00662251640157945; 1.5096459976197045; 0.4527380166520777
2610; 4248; 4306.7008; 4360; 1276; 1324.5276; 1376; -2.4900564179538918E-5; 0.006628086360653415; 1.51359960197292; 0.4655081792917091
2740; 4248; 4311.2032; 4360; 1312; 1360.0752; 1408; -3.749183980706278E-5; 0.006639440986212247; 1.520377766891113; 0.47964060134766634
2877; 4248; 4316.0848; 4488; 1344; 1397.2188; 1444; -3.151195258474477E-5; 0.00665722692675337; 1.5302651157788971; 0.4953830352801345
3020; 4248; 4320.7664; 4488; 1384; 1435.6724; 1484; -4.715778785296178E-5; 0.006672999783709975; 1.5391927022306613; 0.511431601781105
3171; 4248; 4325.7248; 4488; 1428; 1475.9632; 1528; -5.1477581685163424E-5; 0.006681071504110616; 1.544689210465769; 0.5270572067100823
3329; 4248; 4330.4752; 4488; 1468; 1517.8228; 1572; -1.83235655508254E-5; 0.00670688156957201; 1.5583565044105814; 0.5462008033027602
3495; 4248; 4335.104; 4488; 1508; 1562.0256; 1620; -3.868946506238964E-5; 0.006730655034629474; 1.5711012433576557; 0.5660995358626894
3669; 4248; 4339.7408; 4488; 1552; 1596.6424; 1648; 5.809056794692447E-6; 0.0067213795009572926; 1.5684497610775103; 0.5770513738530704
3852; 4248; 4344.4704; 4488; 1584; 1624.2088; 1676; 2.7379857600218927E-6; 0.006742278303331037; 1.5799384913759218; 0.5906703843928818
4044; 4264; 4349.4048; 4488; 1612; 1653.1604; 1704; 5.3632788582156115E-6; 0.006772151918244282; 1.595780671114234; 0.606538488340169
4246; 4264; 4354.1024; 4488; 1640; 1683.4412; 1732; -3.207640444725093E-5; 0.006770224160440494; 1.5965948430788495; 0.6172968138155112
4458; 4264; 4358.992; 4488; 1672; 1715.2596; 1764; -7.320221563246339E-6; 0.006796384632958775; 1.6107641585129882; 0.633834309910485
4680; 4264; 4365.056; 4488; 1704; 1748.4592; 1800; -1.3122862735271617E-5; 0.006814086328929688; 1.621418297067957; 0.64947247837297
4913; 4264; 4371.52; 4488; 1736; 1783.2412; 1840; 7.574823155548678E-6; 0.00678978113267612; 1.6122560186387849; 0.657675444098311
5158; 4264; 4379.0304; 4488; 1768; 1819.6796; 1876; 4.383819488641277E-5; 0.006815581939257704; 1.6273232671698403; 0.6762243422366532
5415; 4296; 4387.9488; 4488; 1808; 1857.7588; 1912; 5.553603000024416E-5; 0.006864979416936365; 1.6543599862274694; 0.7004187976810395
5685; 4296; 4397.9776; 4488; 1840; 1894.3448; 1956; 1.0051616968790951E-4; 0.006934005059159589; 1.6916530980169318; 0.7286472422306709
5969; 4296; 4410.048; 4744; 1872; 1928.144; 1988; 9.921361101069819E-5; 0.006958882115536545; 1.7084892973105994; 0.7469790323537633
6267; 4296; 4421.8816; 4744; 1904; 1963.158; 2032; 7.356780238747135E-5; 0.007040298408351882; 1.753392851456291; 0.7784440007347165
6580; 4296; 4433.9712; 4744; 1944; 1999.5204; 2068; 9.65355784794488E-5; 0.007093523946532791; 1.7848714107096832; 0.8048962512636055
6909; 4296; 4446.4064; 4744; 1980; 2037.3308; 2104; 9.633111731251059E-5; 0.007127346668658603; 1.806986498735501; 0.8279560881025176
7254; 4296; 4457.0176; 4744; 2008; 2064.7048; 2124; 8.12022635898135E-5; 0.007145786138327677; 1.8206831155359755; 0.8434279388813909
7616; 4296; 4466.9568; 4744; 2032; 2089.3716; 2148; 6.894929146749571E-5; 0.007165665875229155; 1.8349103356294725; 0.8582598210510314
7996; 4296; 4474.6944; 4744; 2056; 2115.4036; 2180; 1.0249712601357175E-4; 0.007193659918121715; 1.8524784847028255; 0.8757558181990935
8395; 4360; 4480.7808; 4744; 2084; 2142.6348; 2204; 1.0829807892757906E-4; 0.007253745871824386; 1.8861158233224007; 0.90190919401396
8814; 4360; 4486.0288; 4744; 2112; 2171.2236; 2232; 1.197170086530189E-4; 0.007338736253914944; 1.9328342120490876; 0.9354855804956899
9254; 4360; 4491.264; 4744; 2136; 2201.1712; 2268; 1.0748574039872161E-4; 0.007424512689319665; 1.980589528871635; 0.9706881247626085
9716; 4360; 4498.88; 4744; 2168; 2231.7872; 2292; 1.0363548967867248E-4; 0.007491326577075202; 2.019816224872154; 1.0019827150361857
10201; 4360; 4510.5024; 4744; 2188; 2253.7628; 2320; 1.1565092322520491E-4; 0.007554374792395335; 2.059263682454252; 1.0289523142491632
10711; 4360; 4525.7088; 4744; 2212; 2277.1496; 2348; 1.1489115167506947E-4; 0.007622612177911852; 2.103702108366331; 1.058495945339114
11246; 4360; 4547.9808; 4744; 2240; 2302.0248; 2372; 1.3808255378568358E-4; 0.007648564527842534; 2.128474637538961; 1.0773575389292978
11808; 4360; 4577.9712; 4744; 2264; 2328.654; 2400; 1.3920736515185686E-4; 0.007718780582765705; 2.1820285795013; 1.1099217006367408
12398; 4488; 4610.8544; 4744; 2288; 2353.7388; 2436; 1.326289938081147E-4; 0.007805100224677656; 2.247130858974936; 1.1471104122148454
13017; 4488; 4646.0288; 4744; 2296; 2363.116; 2436; 1.4085680196237888E-4; 0.007828456167665466; 2.2778448148188657; 1.1585833319447998
13667; 4488; 4678.1312; 4744; 2304; 2374.2172; 2448; 1.341908707929978E-4; 0.007850639159365923; 2.306600687229317; 1.1706322014123214
14350; 4488; 4703.8592; 4744; 2316; 2387.242; 2464; 1.2143202491089252E-4; 0.007931517911283015; 2.367319738348396; 1.2014316046735205
15067; 4488; 4722.0608; 4744; 2320; 2402.3892; 2480; 1.2219845900651716E-4; 0.007997490803636195; 2.416178749486271; 1.2292517989254446
15820; 4488; 4733.888; 4744; 2332; 2414.738; 2484; 1.4284989547563702E-4; 0.008110834445868884; 2.491374640253554; 1.2708405893964088
16610; 4488; 4739.4688; 5256; 2336; 2423.4448; 2500; 1.7391994391138428E-4; 0.008190954917189807; 2.5438337608413897; 1.3007450750125225
17440; 4488; 4742.7712; 5256; 2360; 2434.848; 2520; 1.7842787690727657E-4; 0.008298788210094409; 2.613072885686851; 1.341501628745839
18311; 4488; 4744.4096; 5256; 2368; 2445.734; 2524; 1.6967963027587478E-4; 0.008383188417392651; 2.66741517532371; 1.375047379215563
19226; 4488; 4748.1216; 5256; 2380; 2451.5772; 2532; 1.6732598337915162E-4; 0.00842742829790816; 2.697751558220719; 1.3929184567215773
20187; 4744; 4756.1344; 5256; 2384; 2458.2472; 2536; 1.385161374366144E-4; 0.008509890812962351; 2.755447122337109; 1.4241755180915947
21196; 4744; 4775.5392; 5256; 2392; 2465.7332; 2544; 1.560273331661355E-4; 0.00858620832899417; 2.8165355979299087; 1.454249466279667
22255; 4744; 4815.936; 5256; 2404; 2474.19; 2552; 1.513136565481746E-4; 0.008719797174205457; 2.929432262539864; 1.5049975767230932
23367; 4744; 4884.6464; 5256; 2408; 2478.0604; 2556; 1.7782547615715464E-4; 0.008840444617932028; 3.0540161770390317; 1.5493519754633238
24535; 4744; 4973.9392; 5256; 2404; 2480.658; 2556; 2.3475206616611387E-4; 0.008925142260801778; 3.1697189311007286; 1.5808373017881825
25761; 4744; 5068.7104; 5256; 2408; 2485.568; 2560; 2.7149258472840027E-4; 0.008997808348544956; 3.2829248600743934; 1.6098637196959193
27049; 4744; 5154.3168; 5256; 2408; 2485.5856; 2560; 3.3115470892115497E-4; 0.009079057722674479; 3.3989333582667784; 1.6390804326710273
28401; 4744; 5211.2; 5256; 2404; 2485.6864; 2564; 3.725673698847343E-4; 0.0091750792577052; 3.5095172167360746; 1.6740019988115433
29821; 4744; 5240.1792; 5256; 2408; 2487.1096; 2568; 4.0298842353312807E-4; 0.00925703658771128; 3.5923619392031125; 1.7050176195628344
31312; 4744; 5251.392; 5256; 2408; 2485.9532; 2564; 3.4175396077539883E-4; 0.009285182055118937; 3.6219735293116657; 1.714603801336413
32877; 4744; 5254.6688; 5256; 2404; 2486.652; 2560; 3.5624013321985856E-4; 0.009353469325711315; 3.6777380028876494; 1.7404055152546587
34520; 5256; 5256.0; 5256; 2416; 2490.3152; 2568; 3.302004359676348E-4; 0.009424796387006374; 3.734988737107147; 1.7696535814015852
36245; 5256; 5256.0; 5256; 2416; 2493.7492; 2576; 3.088243039571603E-4; 0.009524036242553994; 3.8140591354630193; 1.8096093831456612
38057; 5256; 5256.0; 5256; 2412; 2492.3276; 2576; 3.158317716346254E-4; 0.009551665605405277; 3.83622051233445; 1.8190864274309915
39959; 5256; 5256.0; 5256; 2408; 2491.5056; 2572; 2.613065079613479E-4; 0.009598378712649137; 3.873834890228065; 1.8363168421762954
41956; 5256; 5256.0; 5256; 2416; 2492.6644; 2576; 2.4782327788817736E-4; 0.009673323767028185; 3.9345656067232824; 1.8659725299359828
44053; 5256; 5256.0; 5256; 2420; 2495.6628; 2576; 2.385990085680815E-4; 0.009728084961017146; 3.9792392649446757; 1.8894291106966838
46255; 5256; 5256.0; 5256; 2420; 2496.0724; 2576; 2.444315911529984E-4; 0.00978522567201356; 4.0261229717835025; 1.912004267289722
48567; 5256; 5256.0; 5256; 2424; 2494.3548; 2572; 2.3313932240284183E-4; 0.009867513180571452; 4.094121942673255; 1.9429590409993076
50995; 5256; 5256.0; 5256; 2416; 2495.7552; 2572; 2.4206851302061626E-4; 0.009927047977096098; 4.143674046175745; 1.9675791567443217
53544; 5256; 5256.0; 5256; 2412; 2493.8708; 2568; 2.2379379837777222E-4; 0.009994424793814094; 4.200112781580688; 1.9928726451086105
56221; 5256; 5256.0; 5256; 2412; 2491.9376; 2568; 1.5967807385085884E-4; 0.010027746927135029; 4.228166428260836; 2.0046284059438513
59032; 5256; 5256.0; 5256; 2412; 2491.3484; 2572; 1.8632213155407373E-4; 0.010070752181491623; 4.264510241418817; 2.0213814244182613
61983; 5256; 5256.0; 5256; 2404; 2489.426; 2564; 1.5486437914337617E-4; 0.01014408343976237; 4.326841327564147; 2.0493438543973945
65082; 5256; 5256.0; 5256; 2408; 2488.316; 2564; 1.6177442507065364E-4; 0.010219339326521151; 4.391278518385423; 2.078936186787432
68336; 5256; 5256.0; 5256; 2408; 2490.8652; 2572; 1.2379322596940952E-4; 0.010254779571884977; 4.421788875049138; 2.0955251199785097
71752; 5256; 5256.0; 5256; 2420; 2493.6468; 2576; 9.926028705627898E-5; 0.010245357464527807; 4.413667114969783; 2.0940119629965053
75339; 5256; 5256.0; 5256; 2428; 2493.0136; 2576; 7.806789364810415E-5; 0.01028125245487905; 4.444648185018139; 2.108175108916579
79105; 5256; 5256.0; 5256; 2416; 2491.7608; 2572; 1.16222969694446E-4; 0.01031558965188852; 4.474386121091855; 2.121213839535909
83060; 5256; 5256.0; 5256; 2420; 2492.376; 2568; 8.090137751225638E-5; 0.01039701419247846; 4.54530067237883; 2.1553649750039687
87213; 5256; 5256.0; 5256; 2420; 2495.2024; 2576; 1.2326370382202876E-4; 0.010413300068231943; 4.559551336342584; 2.1645744743845556
91573; 5256; 5256.0; 5256; 2424; 2496.8844; 2568; 1.3144700994971862E-4; 0.010392834971914539; 4.54164731654506; 2.157528222028771
96151; 4744; 5255.9488; 5256; 2428; 2494.8436; 2572; 1.410722561107414E-4; 0.01039351223584201; 4.542195014614169; 2.1560457670672255
100958; 4744; 5255.9488; 5256; 2428; 2495.4444; 2572; 1.8433965302620714E-4; 0.010439623769247286; 4.582587941796545; 2.175742925209567
106005; 4744; 5255.9488; 5256; 2420; 2494.6208; 2580; 1.729714635773982E-4; 0.010475745844137086; 4.614355171651289; 2.1901024587204647
111305; 4744; 5255.9488; 5256; 2412; 2492.6384; 2584; 1.603195279405826E-4; 0.010487951752801124; 4.625114350210798; 2.1934646002880553
116870; 4744; 5255.9488; 5256; 2412; 2491.4228; 2572; 1.3108129946581119E-4; 0.010511149787881938; 4.645597324854703; 2.2021042318300386
122713; 4744; 5255.9488; 5256; 2400; 2490.2936; 2572; 1.0069253897306218E-4; 0.010559310567761956; 4.688265949888213; 2.221322759100038
128848; 4744; 5255.9488; 5256; 2400; 2488.5908; 2572; 6.696183694995755E-5; 0.01057918163608508; 4.705927805729193; 2.2281664240720644
135290; 5256; 5256.0; 5256; 2396; 2490.6808; 2572; 7.473837180408268E-5; 0.01058514397175496; 4.711279635016109; 2.2325520795977227
142054; 5256; 5256.0; 5256; 2392; 2493.4172; 2572; 5.676246643331404E-5; 0.010580217962437575; 4.70689567815521; 2.2329251602963973
149156; 5256; 5256.0; 5256; 2412; 2493.8524; 2572; 5.581009298621517E-5; 0.010596534724709516; 4.721424777535189; 2.2402086211711563
156613; 5256; 5256.0; 5256; 2404; 2492.2376; 2572; 7.9875253328206E-5; 0.010605128633607309; 4.729086140245118; 2.2423908471000296
164443; 5256; 5256.0; 5256; 2404; 2492.222; 2572; 9.685490128970695E-5; 0.010609586011206653; 4.733062282961861; 2.2442621668507945
172665; 5256; 5256.0; 5256; 2408; 2494.5976; 2576; 4.171140057975026E-5; 0.010629718863939734; 4.751042335618709; 2.2549350852231402
181298; 5256; 5256.0; 5256; 2412; 2497.364; 2580; 5.132846169494878E-5; 0.010620539219931962; 4.742840040488208; 2.253538427487403
190362; 5256; 5256.0; 5256; 2412; 2495.2024; 2576; 1.9244644309650474E-5; 0.010570177168507262; 4.697966080670486; 2.2302846726802876
199880; 5256; 5256.0; 5256; 2412; 2495.0152; 2576; -2.4152055715305055E-5; 0.010628537539075852; 4.74998638811141; 2.254811308624632
209874; 5256; 5256.0; 5256; 2412; 2495.3904; 2580; -2.4359976863230343E-5; 0.01064378242012605; 4.7636223016952775; 2.2616243076248668
220367; 5256; 5256.0; 5256; 2412; 2493.0756; 2584; -4.214210847467185E-5; 0.010659125380338632; 4.777365676484667; 2.266045243592355
231385; 5256; 5256.0; 5256; 2408; 2491.4552; 2584; -5.3743427160525515E-6; 0.010676099251795069; 4.792592996406769; 2.2717904760999286
242954; 5256; 5256.0; 5256; 2412; 2490.6284; 2584; 7.286425767683017E-6; 0.010671176917343296; 4.788174658458554; 2.268942882137971
255101; 5256; 5256.0; 5256; 2404; 2488.6656; 2576; -3.058965212076526E-5; 0.010678766623470858; 4.794988107856048; 2.270380889731818
267856; 5256; 5256.0; 5256; 2404; 2489.7716; 2572; -2.480544088442908E-5; 0.010679226908373552; 4.795401471735555; 2.2715856915763672
281248; 5256; 5256.0; 5256; 2416; 2492.6736; 2564; -1.1417832366684546E-5; 0.010684076983770238; 4.799758217843182; 2.2762995806698534
295310; 5256; 5256.0; 5256; 2416; 2494.456; 2568; -2.3181497956353312E-6; 0.010624030448167005; 4.745958725572596; 2.2523944480131117
310075; 5256; 5256.0; 5256; 2412; 2492.43; 2568; -5.447847859378652E-5; 0.010646092981326497; 4.7656907084128886; 2.259922087589333
325578; 5256; 5256.0; 5256; 2420; 2491.9072; 2568; -9.757869051392689E-5; 0.010645865591718288; 4.765487130072571; 2.259351539371228
341856; 5256; 5256.0; 5256; 2420; 2493.8672; 2572; -6.382618930433625E-5; 0.01065703671098441; 4.77549359799936; 2.265876493124161
358948; 5256; 5256.0; 5256; 2424; 2497.0436; 2576; -6.229735131940372E-5; 0.010606359019078053; 4.7301835218250865; 2.2472363945964218
376895; 4744; 5255.9488; 5256; 2424; 2495.6316; 2572; -7.39134880242896E-5; 0.010615281605220876; 4.738099235762923; 2.2497460737642268
395739; 4744; 5255.9488; 5256; 2420; 2494.8704; 2568; -8.565365758998836E-5; 0.010614056221548849; 4.7370054062167455; 2.2485406578941816
415525; 4744; 5255.9488; 5256; 2424; 2496.3204; 2572; -1.1905660761134597E-4; 0.010635790963851421; 4.756425504323468; 2.259071096263906
436301; 4744; 5255.9488; 5256; 2424; 2493.726; 2572; -1.1377972290100954E-4; 0.010649624524054557; 4.768806546680393; 2.262597549357237
458116; 4744; 5255.9488; 5256; 2420; 2491.8088; 2576; -6.410375691240198E-5; 0.010594436949816377; 4.719509606076447; 2.2374867061311217
481021; 4744; 5255.9488; 5256; 2416; 2491.3344; 2576; -5.71648801765857E-5; 0.010579208419941531; 4.705951634236674; 2.230634208443972
505072; 4744; 5255.9488; 5256; 2412; 2489.05; 2568; -3.4073130188219326E-5; 0.010598741980494942; 4.723345914085152; 2.2368262315366634
530325; 4744; 5255.9488; 5256; 2420; 2489.2728; 2580; -7.907211077827686E-5; 0.010587098228146305; 4.712973501937034; 2.2321139706483835
556841; 5256; 5256.0; 5256; 2420; 2492.0928; 2584; -1.2319270821110092E-4; 0.010659756480633907; 4.777931405104363; 2.265420177616907
584683; 5256; 5256.0; 5256; 2424; 2494.7144; 2584; -1.1751876853582178E-4; 0.010671384816621601; 4.788361229773138; 2.272753750440783
613917; 5256; 5256.0; 5256; 2420; 2492.6904; 2584; -6.436626575975336E-5; 0.010694161379288358; 4.808823203668132; 2.280614047770319
644612; 5256; 5256.0; 5256; 2420; 2491.87; 2576; -1.292628691629312E-4; 0.010716809585201124; 4.829213123158167; 2.289530309209312
676842; 5256; 5256.0; 5256; 2420; 2493.2704; 2572; -8.796406910229351E-5; 0.010749917424969748; 4.859097349816961; 2.304993073252868
710684; 5256; 5256.0; 5256; 2420; 2496.2132; 2580; -1.0919711222185649E-4; 0.010765099061747274; 4.872831621162589; 2.314236418212225
746218; 5256; 5256.0; 5256; 2424; 2495.9868; 2576; -1.438226518784834E-4; 0.010743804933657853; 4.8535730755383355; 2.304880960688563
783528; 5256; 5256.0; 5256; 2424; 2494.7612; 2576; -1.6041486453490238E-4; 0.010746654939483747; 4.856148428744517; 2.3049715908433765
822704; 5256; 5256.0; 5256; 2424; 2496.4456; 2576; -1.7652661803374978E-4; 0.010716168277893115; 4.828635168128038; 2.2934598591093036
863839; 5256; 5256.0; 5256; 2420; 2493.9496; 2576; -1.852420017801565E-4; 0.010788975643730709; 4.894471104303777; 2.322405679754559
907030; 5256; 5256.0; 5256; 2420; 2492.0516; 2576; -1.4378655013777038E-4; 0.010803699892272034; 4.907839673921098; 2.326976733626055
952381; 5256; 5256.0; 5256; 2420; 2491.5652; 2580; -1.4785071401257814E-4; 0.01080265119485817; 4.906886928282578; 2.326070911499956
1000000; 5256; 5256.0; 5256; 2416; 2489.368; 2564; -1.5289772449574577E-4; 0.010777899717672885; 4.884426967488519; 2.3133820759518566
