p = 12; number of cycles = 10000; data structure = Google Zetasketch Dense
true distinct count; minimum memory size; average memory size; maximum memory size; minimum serialization size; average serialization size; maximum serialization size; relative distinct count estimation bias; relative distinct count estimation rmse; estimated memory MVP; estimated serialization MVP
1; 6240; 6240.0; 6240; 4113; 4113.0; 4113; 0.0; 0.0; 0.0; 0.0
2; 6240; 6240.0; 6240; 4113; 4113.0; 4113; -3.5E-4; 0.013228756555322952; 8.736; 5.7582
3; 6240; 6240.0; 6240; 4113; 4113.0; 4113; -3.9999999999999996E-4; 0.011547005383792516; 6.656; 4.3872
4; 6240; 6240.0; 6240; 4113; 4113.0; 4113; -4.75E-4; 0.0114564392373896; 6.552; 4.31865
5; 6240; 6240.0; 6240; 4113; 4113.0; 4113; -5.4E-4; 0.010770329614269008; 5.79072; 3.816864
6; 6240; 6240.0; 6240; 4113; 4113.0; 4113; -6.5E-4; 0.01092906420717; 5.962666666666666; 3.9302
7; 6240; 6240.0; 6240; 4113; 4113.0; 4113; -8.571428571428572E-4; 0.011605769149479944; 6.723918367346939; 4.431967346938776
8; 6240; 6240.0; 6240; 4113; 4113.0; 4113; -9.5E-4; 0.011319231422671772; 6.396; 4.215825
9; 6240; 6240.0; 6240; 4113; 4113.0; 4113; -0.0010555555555555555; 0.0111665284679121; 6.224592592592592; 4.102844444444444
10; 6240; 6240.0; 6240; 4113; 4113.0; 4113; -0.0012200000000000002; 0.01131370849898476; 6.38976; 4.211712
11; 6240; 6240.0; 6240; 4113; 4113.0; 4113; -0.001290909090909091; 0.011059568236905855; 6.105917355371901; 4.024621487603306
12; 6240; 6240.0; 6240; 4113; 4113.0; 4113; -0.0014; 0.0109924216318941; 6.032; 3.9759
13; 6240; 6240.0; 6240; 4113; 4113.0; 4113; -0.0015153846153846153; 0.010959851422134622; 5.996307692307692; 3.9523739644970415
14; 6240; 6240.0; 6240; 4113; 4113.0; 4113; -0.00165; 0.010996288798814752; 6.036244897959183; 3.9786979591836733
15; 6240; 6240.0; 6240; 4113; 4113.0; 4113; -0.0017733333333333331; 0.011035296904831233; 6.0791466666666665; 4.006976
16; 6240; 6240.0; 6240; 4113; 4113.0; 4113; -0.00188125; 0.01102199505534275; 6.0645; 3.997321875
17; 6240; 6240.0; 6240; 4113; 4113.0; 4113; -0.001988235294117647; 0.01100487466698218; 6.045674740484429; 3.9849134948096885
18; 6240; 6240.0; 6240; 4113; 4113.0; 4113; -0.00205; 0.010900787150193658; 5.931851851851852; 3.9098888888888887
19; 6240; 6240.0; 6240; 4113; 4113.0; 4113; -0.002168421052631579; 0.010913916501751431; 5.946149584487535; 3.919313019390582
20; 6240; 6240.0; 6240; 4113; 4113.0; 4113; -0.0022700000000000003; 0.01088577052853862; 5.91552; 3.899124
21; 6240; 6240.0; 6240; 4113; 4113.0; 4113; -0.0023857142857142857; 0.01091089451179962; 5.942857142857143; 3.9171428571428573
22; 6240; 6240.0; 6240; 4113; 4113.0; 4113; -0.002509090909090909; 0.010984587248722338; 6.023404958677686; 3.9702347107438016
23; 6240; 6240.0; 6240; 4113; 4113.0; 4113; -0.0025782608695652173; 0.010973416925325186; 6.011160680529301; 3.9621640831758036
24; 6240; 6240.0; 6240; 4113; 4113.0; 4113; -0.0027166666666666663; 0.011071108546322019; 6.118666666666667; 4.033025
25; 6240; 6240.0; 6240; 4113; 4113.0; 4113; -0.002884; 0.011207140580897518; 6.269952; 4.1327424
26; 6240; 6240.0; 6240; 4113; 4113.0; 4113; -0.0029653846153846154; 0.011167100877659982; 6.22523076923077; 4.1032650887573965
27; 6240; 6240.0; 6240; 4113; 4113.0; 4113; -0.003074074074074074; 0.011148086624661045; 6.204049382716049; 4.089303703703703
28; 6240; 6240.0; 6240; 4113; 4113.0; 4113; -0.0032142857142857142; 0.011180339887498949; 6.24; 4.113
29; 6240; 6240.0; 6240; 4113; 4113.0; 4113; -0.0033379310344827584; 0.011247935469172477; 6.3156813317479195; 4.16288418549346
30; 6240; 6240.0; 6240; 4113; 4113.0; 4113; -0.00345; 0.011239810200058244; 6.30656; 4.156872
31; 6240; 6240.0; 6240; 4113; 4113.0; 4113; -0.0035903225806451613; 0.011281102225835943; 6.352982310093653; 4.187470551508845
32; 6240; 6240.0; 6240; 4113; 4113.0; 4113; -0.003728125; 0.01142656581173889; 6.517875; 4.29615703125
33; 6240; 6240.0; 6240; 4113; 4113.0; 4113; -0.0038515151515151514; 0.011463200193562265; 6.5597355371900825; 4.323748760330578
34; 6240; 6240.0; 6240; 4113; 4113.0; 4113; -0.003944117647058824; 0.011440382552221602; 6.533647058823529; 4.306552941176471
35; 6240; 6240.0; 6240; 4113; 4113.0; 4113; -0.004017142857142857; 0.011385633625812158; 6.471262040816327; 4.2654328163265305
36; 6240; 6240.0; 6240; 4113; 4113.0; 4113; -0.004102777777777778; 0.011361756297898644; 6.444148148148148; 4.247561111111111
37; 6240; 6240.0; 6240; 4113; 4113.0; 4113; -0.004232432432432432; 0.011409119415786722; 6.497986851716582; 4.2830480642804964
38; 6240; 6240.0; 6240; 4113; 4113.0; 4113; -0.004310526315789474; 0.011385951396202071; 6.471623268698061; 4.265670914127424
39; 6240; 6240.0; 6240; 4113; 4113.0; 4113; -0.004433333333333333; 0.011446930402846008; 6.541128205128205; 4.311484023668639
40; 6240; 6240.0; 6240; 4113; 4113.0; 4113; -0.0045675; 0.011524430571616109; 6.63; 4.3700625
42; 6240; 6240.0; 6240; 4113; 4113.0; 4113; -0.004859523809523809; 0.011705474812649386; 6.839945578231292; 4.508444897959183
44; 6240; 6240.0; 6240; 4113; 4113.0; 4113; -0.005129545454545455; 0.011920449129039416; 7.093487603305785; 4.675563223140496
46; 6240; 6240.0; 6240; 4113; 4113.0; 4113; -0.005341304347826087; 0.01200385886285089; 7.193103969754254; 4.74122381852552
48; 6240; 6240.0; 6240; 4113; 4113.0; 4113; -0.005658333333333334; 0.012229716767865976; 7.466333333333333; 4.92131875
50; 6240; 6240.0; 6240; 4113; 4113.0; 4113; -0.005889999999999999; 0.012320714265009152; 7.577856; 4.9948272
52; 6240; 6240.0; 6240; 4113; 4113.0; 4113; -0.006126923076923077; 0.012370632335442609; 7.639384615384615; 5.035382840236687
54; 6240; 6240.0; 6240; 4113; 4113.0; 4113; -0.006368518518518518; 0.012473566014110305; 7.767045267489712; 5.119528395061728
56; 6240; 6240.0; 6240; 4113; 4113.0; 4113; -0.006623214285714286; 0.01261048114442417; 7.938489795918367; 5.232533418367347
58; 6240; 6240.0; 6240; 4113; 4113.0; 4113; -0.0068620689655172415; 0.01268618768217045; 8.034092746730083; 5.295548632580261
60; 6240; 6240.0; 6240; 4113; 4113.0; 4113; -0.007075; 0.01277910621113838; 8.152213333333334; 5.373406
62; 6240; 6240.0; 6240; 4113; 4113.0; 4113; -0.0073854838709677415; 0.012976605861619793; 8.406143600416232; 5.5407802289282
65; 6240; 6240.0; 6240; 4113; 4113.0; 4113; 0.006233846153846154; 0.015571176527852303; 12.10368; 7.977954461538461
68; 6240; 6240.0; 6240; 4113; 4113.0; 4113; 0.00654264705882353; 0.012617098575765675; 7.946823529411764; 5.238026470588236
71; 6240; 6240.0; 6240; 4113; 4113.0; 4113; 0.005577464788732394; 0.012111038212228541; 7.32212814917675; 4.826268121404484
74; 6240; 6240.0; 6240; 4113; 4113.0; 4113; 0.004695945945945946; 0.011713184245612213; 6.848958363769174; 4.5143855368882395
77; 6240; 6240.0; 6240; 4113; 4113.0; 4113; 0.0037896103896103896; 0.011363450833364862; 6.446070500927644; 4.248828200371057
80; 6240; 6240.0; 6240; 4113; 4113.0; 4113; 0.002925; 0.011118677978968542; 6.17136; 4.067757
84; 6240; 6240.0; 6240; 4113; 4113.0; 4113; 0.001811904761904762; 0.010877070267143256; 5.9060680272108845; 3.8928938775510202
88; 6240; 6240.0; 6240; 4113; 4113.0; 4113; 7.886363636363636E-4; 0.010716818866229393; 5.733322314049587; 3.7790311983471074
92; 6240; 6240.0; 6240; 4113; 4113.0; 4113; -2.0434782608695653E-4; 0.010647736431529093; 5.65964461247637; 3.730467674858223
96; 6240; 6240.0; 6240; 4113; 4113.0; 4113; -0.0011770833333333334; 0.010736748938937606; 5.754666666666667; 3.7931
100; 6240; 6240.0; 6240; 4113; 4113.0; 4113; -0.002051; 0.010898164983151982; 5.9289984; 3.90800808
105; 6240; 6240.0; 6240; 4113; 4113.0; 4113; -0.003179047619047619; 0.011189564299218678; 6.250300952380952; 4.119789714285714
110; 6240; 6240.0; 6240; 4113; 4113.0; 4113; -0.0021663636363636364; 0.013740511376675979; 9.424978512396693; 6.2123295867768595
115; 6240; 6240.0; 6240; 4113; 4113.0; 4113; 0.003470434782608696; 0.01145154994833807; 6.546408771266541; 4.3149646275992435
120; 6240; 6240.0; 6240; 4113; 4113.0; 4113; 0.0022091666666666666; 0.011002840542332694; 6.04344; 3.9834405
125; 6240; 6240.0; 6240; 4113; 4113.0; 4113; 0.0010072000000000002; 0.010737001443606124; 5.754937344; 3.7932784128
131; 6240; 6240.0; 6240; 4114; 4114.0; 4114; -4.3053435114503817E-4; 0.010739782527302719; 5.757919002389138; 3.796166470485403
137; 6240; 6240.0; 6240; 4114; 4114.0; 4114; -0.0017802919708029196; 0.01077155636639501; 5.792039213596889; 3.818661750759231
143; 6240; 6240.0; 6240; 4114; 4114.0; 4114; -0.001127972027972028; 0.013226769454110306; 8.733375715193898; 5.757869822485207
150; 6240; 6240.0; 6240; 4114; 4114.0; 4114; 0.0019686666666666667; 0.010923776310822595; 5.9568981333333335; 3.927352391111111
157; 6240; 6240.0; 6240; 4114; 4114.0; 4114; 2.9554140127388534E-4; 0.010642852776665183; 5.654454136070429; 3.727952614710536
164; 6240; 6240.0; 6240; 4114; 4114.0; 4114; -0.0014164634146341464; 0.01071142068149981; 5.7275478881618085; 3.776142950624628
172; 6240; 6240.0; 6240; 4114; 4114.0; 4114; 0.0010290697674418604; 0.012783295955638894; 8.157559762033532; 5.378237317468902
180; 6240; 6240.0; 6240; 4114; 4114.0; 4114; 6.216666666666666E-4; 0.010590730864624668; 5.599205925925926; 3.6915277530864197
188; 6240; 6240.0; 6240; 4114; 4114.0; 4114; -0.001297340425531915; 0.01063630300445296; 5.647496604798551; 3.723365550022635
197; 6240; 6240.0; 6240; 4114; 4114.0; 4114; 0.0012314720812182742; 0.011541276428949292; 6.649396995542271; 4.383913339689247
206; 6240; 6240.0; 6240; 4114; 4114.0; 4114; -4.830097087378641E-4; 0.010483975985966119; 5.486894523517768; 3.617481421434631
216; 6240; 6240.0; 6240; 4114; 4114.0; 4114; 9.402777777777778E-4; 0.011875248174433643; 7.039794238683127; 4.6413002400548695
226; 6240; 6240.0; 6240; 4114; 4114.0; 4114; -5.473451327433628E-4; 0.010417793684300389; 5.417838828412561; 3.5719533557835383
237; 6240; 6240.0; 6240; 4114; 4114.0; 4114; 9.278481012658229E-4; 0.011011041477262748; 6.0524522779469105; 3.990350748633588
248; 6240; 6240.0; 6240; 4114; 4114.0; 4114; -4.504032258064516E-4; 0.011637448857929117; 6.7606763787721125; 4.457279266389178
260; 6240; 6240.0; 6240; 4114; 4114.0; 4114; -2.803846153846154E-4; 0.010409443254840273; 5.409156923076923; 3.566229420118343
273; 6240; 6240.0; 6240; 4114; 4114.0; 4114; 2.846153846153846E-4; 0.010591149273883061; 5.5996483516483515; 3.691819442096365
286; 6240; 6240.0; 6240; 4114; 4114.0; 4114; 5.496503496503496E-4; 0.010924321446253712; 5.957492689129053; 3.927744378698225
300; 6240; 6240.0; 6240; 4114; 4114.0; 4114; 3.156666666666667E-4; 0.011164079302238348; 6.2218624; 4.102041973333334
314; 6240; 6240.0; 6240; 4114; 4114.0; 4114; 2.1910828025477707E-4; 0.011089389652392543; 6.138890178100532; 4.047338812933588
329; 6240; 6240.0; 6240; 4114; 4114.0; 4114; 1.3556231003039514E-4; 0.01074054210217137; 5.758733492853909; 3.7967034598719525
345; 6240; 6240.0; 6240; 4114; 4114.0; 4114; -2.1999999999999998E-4; 0.010743227132316954; 5.761613106490233; 3.7986019743751314
362; 6240; 6240.0; 6240; 4114; 4114.0; 4114; -1.0966850828729281E-4; 0.011260456003994928; 6.32974964134184; 4.173171478282104
380; 6240; 6240.0; 6240; 4114; 4114.0; 4114; -4.657894736842106E-5; 0.010854457705365217; 5.881537063711911; 3.877667224376731
398; 6240; 6240.0; 6240; 4114; 4114.0; 4114; -5.753768844221106E-5; 0.011192642475063996; 6.253740259084367; 4.123058882351455
417; 6240; 6240.0; 6240; 4114; 4114.0; 4114; -6.115107913669065E-5; 0.011195394268175745; 6.256815692769526; 4.125086500008626
437; 6240; 6240.0; 6240; 4114; 4114.0; 4114; -1.3272311212814645E-5; 0.011189954748142298; 6.250737156292383; 4.121078952081228
458; 6240; 6240.0; 6240; 4114; 4114.0; 4114; 3.0131004366812227E-5; 0.011070536486253793; 6.118034362426346; 4.033588680612498
480; 6240; 6240.0; 6240; 4114; 4114.0; 4114; 4.229166666666667E-5; 0.011154124641933034; 6.210771666666667; 4.094729909722222
504; 6240; 6240.0; 6240; 4114; 4114.0; 4114; 3.313492063492063E-5; 0.011203186381989697; 6.265528344671202; 4.130830706727135
529; 6240; 6240.0; 6240; 4114; 4114.0; 4114; 9.168241965973536E-5; 0.01123752941338966; 6.304000800454544; 4.156195399530447
555; 6240; 6240.0; 6240; 4114; 4114.0; 4114; 1.3135135135135137E-4; 0.011173481307200554; 6.232346491356221; 4.1089540809999185
582; 6240; 6240.0; 6240; 4114; 4114.0; 4114; 6.082474226804124E-5; 0.011205147003724067; 6.267721543203316; 4.132276671272186
611; 6240; 6240.0; 6240; 4114; 4114.0; 4114; -3.289689034369885E-5; 0.01122459678277539; 6.2894993209597105; 4.146634648466065
641; 6240; 6240.0; 6240; 4114; 4114.0; 4114; 1.6068642745709828E-5; 0.011192346942888136; 6.2534100140916715; 4.122841153521336
673; 6240; 6240.0; 6240; 4114; 4114.0; 4114; -3.863298662704309E-6; 0.011240219719311327; 6.3070195637726885; 4.158185654705263
706; 6240; 6240.0; 6240; 4114; 4114.0; 4114; 7.223796033994335E-6; 0.011272322747938785; 6.343097785874215; 4.181971841520276
741; 6240; 6240.0; 6240; 4114; 4114.0; 4114; 2.3481781376518218E-5; 0.01134924684455233; 6.429965764613964; 4.239243454426578
778; 6240; 6240.0; 6240; 4114; 4114.0; 4114; 7.956298200514138E-5; 0.011379982488010653; 6.464839751257261; 4.262235694979546
816; 6240; 6240.0; 6240; 4114; 4114.0; 4114; 1.2794117647058824E-4; 0.011402341702031584; 6.490268742791234; 4.279000898692811
856; 6240; 6240.0; 6240; 4114; 4114.0; 4114; 3.2126168224299064E-5; 0.011444311852591635; 6.53813590706612; 4.310559474626605
898; 6240; 6240.0; 6240; 4114; 4114.0; 4114; 8.596881959910914E-5; 0.011390115167902283; 6.476357399020838; 4.269829221085213
942; 6240; 6240.0; 6240; 4114; 4114.0; 4114; 1.0201698513800425E-4; 0.011358528281894417; 6.440486943351319; 4.246180013613354
989; 6240; 6240.0; 6240; 4114; 4114.0; 4114; 4.186046511627907E-5; 0.01137538253840349; 6.459614448519151; 4.258790679680735
1038; 6240; 6240.0; 6240; 4114; 4114.0; 4114; 6.936416184971098E-5; 0.011435091617906639; 6.527605109871139; 4.303616574040043
1089; 6240; 6240.0; 6240; 4114; 4114.0; 4114; 1.0101010101010101E-4; 0.01153977358914327; 6.647665414475332; 4.3827717171717175
1143; 6240; 6240.0; 6240; 4114; 4114.0; 4114; 3.762029746281715E-6; 0.01155099857526197; 6.660604358838348; 4.391302296836693
1200; 6240; 6240.0; 6240; 4114; 4114.0; 4114; -4.2749999999999996E-5; 0.011652673155403729; 6.7783768; 4.4689490633333335
1260; 6240; 6240.0; 6240; 4114; 4114.0; 4114; -3.111111111111111E-5; 0.011709795026885846; 6.8449954346182915; 4.512870387503149
1323; 6240; 6240.0; 6240; 4114; 4114.0; 4114; 9.168556311413455E-5; 0.011739446543170082; 6.879705088586203; 4.535754284365968
1389; 6240; 6240.0; 6240; 4114; 4114.0; 4114; 9.23686105111591E-5; 0.011818623720526231; 6.972818943037473; 4.597143771098744
1458; 6240; 6240.0; 6240; 4114; 4114.0; 4114; 1.1165980795610425E-4; 0.011832597687620905; 6.989317572411613; 4.608021232836759
1530; 6240; 6240.0; 6240; 4114; 4114.0; 4114; 2.4052287581699346E-5; 0.011856382095862667; 7.017443916442394; 4.626564787218591
1606; 6240; 6240.0; 6240; 4114; 4114.0; 4114; -2.945205479452055E-5; 0.011894526630976506; 7.062669807648467; 4.656381985363107
1686; 6240; 6240.0; 6240; 4114; 4114.0; 4114; -1.0213523131672597E-4; 0.011936585913853496; 7.112705597277981; 4.689370324872054
1770; 6240; 6240.0; 6240; 4114; 4114.0; 4114; -2.2372881355932205E-5; 0.012047320172130489; 7.2452851326247245; 4.776779332631109
1858; 6240; 6240.0; 6240; 4114; 4114.0; 4114; 2.3842841765339073E-5; 0.012084709095337992; 7.2903264804337224; 4.80647486226031
1950; 6240; 6240.0; 6240; 4114; 4114.0; 4114; 8.656410256410256E-5; 0.012211672453669617; 7.44431721025641; 4.908000160736358
2047; 6240; 6240.0; 6240; 4114; 4114.0; 4114; 5.979482169027845E-5; 0.012271323340575423; 7.517221996325243; 4.956065912320842
2149; 6240; 6240.0; 6240; 4114; 4114.0; 4114; 8.082829222894369E-5; 0.01228349948165224; 7.5321472270262815; 4.965906040382391
2256; 6240; 6240.0; 6240; 4114; 4114.0; 4114; 7.411347517730496E-5; 0.012299965644112006; 7.552354609929078; 4.9792286643026005
2368; 6240; 6240.0; 6240; 4114; 4114.0; 4114; 1.2875844594594594E-4; 0.012326411063808442; 7.5848652529218406; 5.000662764506483
2486; 6240; 6240.0; 6240; 4114; 4114.0; 4114; 1.2912308930008046E-4; 0.012351357635484964; 7.615597289147464; 5.02092423838985
2610; 6240; 6240.0; 6240; 4114; 4114.0; 4114; 1.3475095785440614E-4; 0.012381393673321136; 7.652681551944334; 5.0453737026761205
2740; 6240; 6240.0; 6240; 4114; 4114.0; 4114; 1.2262773722627738E-4; 0.012458991285411728; 7.7489050753902715; 5.10881337823006
2877; 6240; 6240.0; 6240; 4114; 4114.0; 4114; 9.023288147375739E-5; 0.012546995585096686; 7.858760742764792; 5.181240656367685
3020; 6240; 6240.0; 6240; 4114; 4114.0; 4114; -1.7980132450331126E-5; 0.01237199225154416; 7.641064318231656; 5.03771452006491
3171; 6240; 6240.0; 6240; 4114; 4114.0; 4114; 1.6764427625354776E-4; 0.012552304207623391; 7.865412218762335; 5.185625940382732
3329; 6240; 6240.0; 6240; 4114; 4114.0; 4114; 2.8101531991589067E-4; 0.01250916281577401; 7.8114393852290345; 5.1500419280179885
3495; 6240; 6240.0; 6240; 4114; 4114.0; 4114; 4.0317596566523606E-4; 0.012343759174909937; 7.606230057163207; 5.0147484703797165
3669; 6240; 6240.0; 6240; 4114; 4114.0; 4114; 4.028890705914418E-4; 0.012326262527635367; 7.584682455177375; 5.000542246890981
3852; 6240; 6240.0; 6240; 4114; 4114.0; 4114; 6.272066458982347E-4; 0.012530722654028097; 7.838388990790074; 5.167809664761276
4044; 6240; 6240.0; 6240; 4114; 4114.0; 4114; 5.965875370919881E-4; 0.012456290535863866; 7.745545961779476; 5.106598731852687
4246; 6240; 6240.0; 6240; 4114; 4114.0; 4114; 8.797927461139896E-4; 0.01243358756364941; 7.717337457170629; 5.088001009423071
4458; 6240; 6240.0; 6240; 4114; 4114.0; 4114; 0.0010215791834903543; 0.012432727053239754; 7.716269282859553; 5.087296767577596
4680; 6240; 6240.0; 6240; 4114; 4114.0; 4114; 8.066239316239316E-4; 0.01237016470667767; 7.6388070655270655; 5.036226324932428
4913; 6240; 6240.0; 6240; 4114; 4114.0; 4114; 9.505393853042947E-4; 0.012504885442515606; 7.806098223727501; 5.146520527630599
5158; 6240; 6240.0; 6240; 4114; 4114.0; 4114; 9.126017836370687E-4; 0.01245661606615802; 7.745950808277733; 5.106865645072852
5415; 6240; 6240.0; 6240; 4114; 4114.0; 4114; 8.495290858725762E-4; 0.01248799534219673; 7.785025381123022; 5.132627310567326
5685; 6240; 6240.0; 6240; 4114; 4114.0; 4114; 7.831486367634125E-4; 0.012547890467310365; 7.8598817945665465; 5.181979760071599
5969; 6240; 6240.0; 6240; 4114; 4114.0; 4114; 9.180432233204892E-4; 0.012599155901431172; 7.924237373074113; 5.224409062953028
6267; 6240; 6240.0; 6240; 4114; 4114.0; 4114; 0.0011022658369235678; 0.012611027413560473; 7.939177580284642; 5.234259064950483
6580; 6240; 6240.0; 6240; 4114; 4114.0; 4114; 6.784802431610943E-4; 0.01251782055807236; 7.822255909683022; 5.157173207121146
6909; 6240; 6240.0; 6240; 4114; 4114.0; 4114; 7.915617310754088E-4; 0.012646336503186582; 7.983696961435325; 5.26361046463861
7254; 6240; 6240.0; 6240; 4114; 4114.0; 4114; 9.854976564653984E-4; 0.012803023696968164; 8.182757395993608; 5.394849988320145
7616; 6240; 6240.0; 6240; 4114; 4114.0; 4114; 9.366596638655463E-4; 0.012654641888074452; 7.994186868865193; 5.270526406812725
7996; 6240; 6240.0; 6240; 4114; 4114.0; 4114; 8.348424212106053E-4; 0.012965315794024662; 8.391522728848166; 5.532487901679704
8395; 6240; 6240.0; 6240; 4114; 4114.0; 4114; 7.78117927337701E-4; 0.012999435515915005; 8.435747360723026; 5.5616449746818155
8814; 6240; 6240.0; 6240; 4114; 4114.0; 4114; 8.296006353528477E-4; 0.013122939146103598; 8.596799669070325; 5.667825935665916
9254; 6240; 6240.0; 6240; 4114; 4114.0; 4114; 6.827209855197752E-4; 0.013008777572115871; 8.447876432525582; 5.569641609520873
9716; 6240; 6240.0; 6240; 4114; 4114.0; 4114; 7.432688349114861E-4; 0.013178506942676025; 8.669758418288957; 5.715927264878329
10201; 6240; 6240.0; 6240; 4114; 4114.0; 4114; 7.353004607391432E-4; 0.013153084388129099; 8.636341155748573; 5.693895435056031
10711; 6240; 6240.0; 6240; 4114; 4114.0; 4114; 7.689291382690693E-4; 0.013369738410898325; 8.923195266378437; 5.883016879147578
11246; 6240; 6240.0; 6240; 4114; 4114.0; 4114; 7.841988262493331E-4; 0.013398551588359234; 8.961697538522914; 5.908401229724883
11808; 6240; 6240.0; 6240; 4114; 4114.0; 4114; 7.83519647696477E-4; 0.013492092986062906; 9.087265731376826; 5.991187695334016
12398; 6240; 6240.0; 6240; 4114; 4114.0; 4114; 6.895225036296177E-4; 0.013587866446308161; 9.216735318970342; 6.076546330487818
13017; 6240; 6240.0; 6240; 4114; 4114.0; 4114; 6.5992164093109E-4; 0.013684478395343373; 9.348266251714765; 6.1632639999286125
13667; 6240; 6240.0; 6240; 4114; 4114.0; 4114; 9.345284261359479E-4; 0.013737214961474817; 9.420456858896557; 6.210858897035327
14350; 6240; 6240.0; 6240; 4114; 4114.0; 4114; 9.82432055749129E-4; 0.013826281058418152; 9.543009111486118; 6.291656968694533
15067; 6240; 6240.0; 6240; 4114; 4114.0; 4114; 9.736244773345723E-4; 0.01399750184907762; 9.780828496105373; 6.448450069387421
15820; 6240; 6240.0; 6240; 4114; 4114.0; 4114; 8.209228824273072E-4; 0.014079691906278991; 9.896027190852847; 6.524399978071893
16610; 6240; 6240.0; 6240; 4115; 4115.0; 4115; 0.0010642263696568333; 0.014406416103649572; 10.360637661578567; 6.832375637403173
17440; 6240; 6240.0; 6240; 4115; 4115.0; 4115; 0.0010981594036697248; 0.014320544948607742; 10.237494140644728; 6.751168011018117
18311; 6240; 6240.0; 6240; 4115; 4115.0; 4115; 0.0011650101032166457; 0.014375550140770504; 10.316289577142356; 6.80313006569564
19226; 6240; 6240.0; 6240; 4115; 4115.0; 4115; 0.0010501300322479975; 0.014310185271140337; 10.222687612518543; 6.741403770114391
20187; 6240; 6240.0; 6240; 4115; 4115.0; 4115; 8.710853519591816E-4; 0.014378493183934133; 10.320514026722783; 6.805915900635297
21196; 6240; 6240.0; 6240; 4115; 4115.0; 4115; 2.697065484053595E-4; 0.01452561099808116; 10.532789273389415; 6.9459019006406155
22255; 6240; 6240.0; 6240; 4115; 4115.0; 4115; 1.771961356998427E-4; 0.014589487610949728; 10.625629185602774; 7.00712565685183
23367; 6240; 6240.0; 6240; 4115; 4115.0; 4115; 1.26139427397612E-4; 0.014689917109629446; 10.772419741214174; 7.103927441521847
24535; 6240; 6240.0; 6240; 4115; 4115.0; 4115; 1.0701446912573873E-4; 0.014637676894195047; 10.695938316153867; 7.053491373553392
25761; 6240; 6240.0; 6240; 4115; 4115.0; 4115; 5.3153992469236443E-5; 0.01466781423272126; 10.74002713633177; 7.082565972116224
27049; 6240; 6240.0; 6240; 4115; 4115.0; 4115; 4.0482088062405265E-6; 0.01475240217427362; 10.86425782598273; 7.1644905374870085
28401; 6240; 6240.0; 6240; 4115; 4115.0; 4115; -6.3730150346818775E-6; 0.014913525024545847; 11.102868374595138; 7.3218434874133
29821; 6240; 6240.0; 6240; 4115; 4115.0; 4115; 2.2531102243385536E-5; 0.014926462236234042; 11.12213980249487; 7.334552129369614
31312; 6240; 6240.0; 6240; 4115; 4115.0; 4115; 8.97100153295861E-5; 0.01497580973343513; 11.195801868428756; 7.383128956503898
32877; 6240; 6240.0; 6240; 4115; 4115.0; 4115; 1.1398546096054994E-4; 0.015017473764056741; 11.258183951246298; 7.424267140926045
34520; 6240; 6240.0; 6240; 4115; 4115.0; 4115; 8.2013325608343E-5; 0.015094473435293177; 11.37392896417547; 7.5005957832663555
36245; 6240; 6240.0; 6240; 4115; 4115.0; 4115; 1.6901641605738722E-5; 0.015169230199096781; 11.486868798072832; 7.575074535908606
38057; 6240; 6240.0; 6240; 4115; 4115.0; 4115; -4.1603384397088576E-5; 0.015174333687261229; 11.494599310389358; 7.580172461899393
39959; 6240; 6240.0; 6240; 4115; 4115.0; 4115; -1.533521859906404E-4; 0.01528634602320583; 11.664924947079742; 7.692494576479669
41956; 6240; 6240.0; 6240; 4115; 4115.0; 4115; -1.3854514253026982E-4; 0.015341187782506479; 11.748773965500051; 7.747789241671909
44053; 6240; 6240.0; 6240; 4115; 4115.0; 4115; -2.0814473475132226E-4; 0.015407069771435753; 11.849899723179117; 7.814477141166997
46255; 6240; 6240.0; 6240; 4115; 4115.0; 4115; -1.9358123446113935E-4; 0.015378381453704864; 11.805811237491836; 7.785402763185721
48567; 6240; 6240.0; 6240; 4115; 4115.0; 4115; -1.0410772746926924E-4; 0.015434494580383701; 11.89212325775854; 7.8423216675763445
50995; 6240; 6240.0; 6240; 4115; 4115.0; 4115; -7.542896362388469E-5; 0.015479734514232773; 11.961939257105975; 7.888362186376777
53544; 6240; 6240.0; 6240; 4115; 4115.0; 4115; -1.023158523830868E-4; 0.015421159039221016; 11.871582333958363; 7.828775850038248
56221; 6240; 6240.0; 6240; 4115; 4115.0; 4115; -1.371871720531474E-4; 0.015479429742562327; 11.961468238133767; 7.888051570500073
59032; 6240; 6240.0; 6240; 4115; 4115.0; 4115; -2.240632199485025E-4; 0.015600576715156932; 12.14942945276719; 8.012003557393749
61983; 6240; 6240.0; 6240; 4115; 4115.0; 4115; -1.6303018569607797E-4; 0.015654759115878627; 12.233968430171156; 8.06775321957601
65082; 6240; 6240.0; 6240; 4115; 4115.0; 4115; -1.50623828401094E-4; 0.01566820178077212; 12.254987948386091; 8.081614648655252
68336; 6240; 6240.0; 6240; 4115; 4115.0; 4115; -1.5748946382580193E-4; 0.015723374984342675; 12.341448083240792; 8.13863122797049
71752; 6240; 6240.0; 6240; 4115; 4115.0; 4115; -1.5886525811127216E-4; 0.015811446992381042; 12.480092651164345; 8.23006109928546
75339; 6240; 6240.0; 6240; 4115; 4115.0; 4115; -5.268320524562312E-5; 0.015817466014260168; 12.489596177124788; 8.236328248216106
79105; 6240; 6240.0; 6240; 4115; 4115.0; 4115; 7.864483913785474E-5; 0.015858172771109104; 12.553963650426242; 8.278775708574358
83060; 6240; 6240.0; 6240; 4115; 4115.0; 4115; 9.368047194798941E-5; 0.015778226716582123; 12.427705720927706; 8.195514269489985
87213; 6240; 6240.0; 6240; 4115; 4115.0; 4115; 1.0750690837375161E-4; 0.015798660785393805; 12.459916315988044; 8.216755711585066
91573; 6240; 6240.0; 6240; 4115; 4115.0; 4115; 1.3899075054874254E-4; 0.015718681384911226; 12.334081068459307; 8.133773012293277
96151; 6240; 6240.0; 6240; 4115; 4115.0; 4115; 4.8106623956069094E-5; 0.01580572143022573; 12.47105583010045; 8.224101721292204
100958; 6240; 6240.0; 6240; 4115; 4115.0; 4115; 4.8864874502268274E-5; 0.015776900411465893; 12.425616482738171; 8.194136510651854
106005; 6240; 6240.0; 6240; 4115; 4115.0; 4115; -5.756332248478845E-6; 0.015797940100079764; 12.458779577372953; 8.216006083475914
111305; 6240; 6240.0; 6240; 4115; 4115.0; 4115; 2.2731233996675802E-5; 0.0157798876693606; 12.430322354493322; 8.197239821913465
116870; 6240; 6240.0; 6240; 4115; 4115.0; 4115; 1.0587404808761872E-4; 0.015921417789504927; 12.654297897843957; 8.344941642568571
122713; 6240; 6240.0; 6240; 4115; 4115.0; 4115; 1.4532608607075045E-4; 0.016009116926543034; 12.794087892404916; 8.437126871353563
128848; 6240; 6240.0; 6240; 4115; 4115.0; 4115; 1.0717977772258787E-4; 0.016012910995574548; 12.800152862125437; 8.441126446738169
135290; 6240; 6240.0; 6240; 4115; 4115.0; 4115; 1.5387094389829255E-4; 0.01601991769820184; 12.811357131813455; 8.448515159841726
142054; 6240; 6240.0; 6240; 4115; 4115.0; 4115; 1.1098455516916103E-4; 0.016065099562028468; 12.883724202979336; 8.496237996035251
149156; 6240; 6240.0; 6240; 4115; 4115.0; 4115; 8.041781758695594E-5; 0.016078221010664268; 12.904778808118873; 8.510122563366853
156613; 6240; 6240.0; 6240; 4115; 4115.0; 4115; 5.2775950910843924E-5; 0.016025209172447444; 12.819821864713024; 8.454097271361233
164443; 6240; 6240.0; 6240; 4115; 4115.0; 4115; 1.1960861818380838E-4; 0.016063118937338552; 12.880547596554615; 8.49414316663818
172665; 6240; 6240.0; 6240; 4115; 4115.0; 4115; 1.809052210928677E-4; 0.016074866211498725; 12.899394079981759; 8.506571576782843
181298; 6240; 6240.0; 6240; 4115; 4115.0; 4115; 1.9307714370814903E-4; 0.01607662168205011; 12.902211614211566; 8.508429614179583
190362; 6240; 6240.0; 6240; 4115; 4115.0; 4115; 8.550918775806095E-5; 0.016007772620790096; 12.791939311203539; 8.435709978461949
199880; 6240; 6240.0; 6240; 4115; 4115.0; 4115; 1.648574144486692E-4; 0.01604676141501187; 12.85432771136286; 8.476852328887526
209874; 6240; 6240.0; 6240; 4115; 4115.0; 4115; 1.70720051078266E-4; 0.0160021659848799; 12.782980265085751; 8.429801889555748
220367; 6240; 6240.0; 6240; 4115; 4115.0; 4115; 1.1979198337319108E-4; 0.016030991419768135; 12.82907488016192; 8.460199219850368
231385; 6240; 6240.0; 6240; 4115; 4115.0; 4115; 1.0060850962681245E-4; 0.015993790426091666; 12.769602503111571; 8.420979855817967
242954; 6240; 6240.0; 6240; 4115; 4115.0; 4115; 4.407212888036418E-5; 0.016075637701523995; 12.900632285332131; 8.507388117650915
255101; 6240; 6240.0; 6240; 4115; 4115.0; 4115; -2.91484549256961E-5; 0.01615018066930592; 13.020550515709035; 8.58646880963825
267856; 6240; 6240.0; 6240; 4115; 4115.0; 4115; 7.64963263843259E-7; 0.016199603801710146; 13.100363993552497; 8.639102216902007
281248; 6240; 6240.0; 6240; 4115; 4115.0; 4115; 4.527996643531687E-5; 0.0161904265425911; 13.085525188621439; 8.629316690893786
295310; 6240; 6240.0; 6240; 4115; 4115.0; 4115; 1.803426907317734E-5; 0.0162498329459855; 13.181728972959991; 8.692758769828584
310075; 6240; 6240.0; 6240; 4115; 4115.0; 4115; -5.221188422155929E-5; 0.01626049526036431; 13.199033009127522; 8.70417000521791
325578; 6240; 6240.0; 6240; 4115; 4115.0; 4115; -2.953393656819564E-5; 0.01623518157459878; 13.157969548348769; 8.67709049542551
341856; 6240; 6240.0; 6240; 4115; 4115.0; 4115; -2.389485631376954E-5; 0.01629275201934701; 13.251452116727695; 8.73873805454078
358948; 6240; 6240.0; 6240; 4115; 4115.0; 4115; 1.1762483702374719E-4; 0.01634455088138493; 13.335845628227908; 8.794391788486832
376895; 6240; 6240.0; 6240; 4115; 4115.0; 4115; 5.3689489115005503E-5; 0.016411397968559404; 13.44515244545919; 8.866474729657783
395739; 6240; 6240.0; 6240; 4115; 4115.0; 4115; 4.6299707635588105E-5; 0.016305813813255656; 13.272707840498944; 8.752755250585441
415525; 6240; 6240.0; 6240; 4115; 4115.0; 4115; 7.302015522531737E-5; 0.01628723781132388; 13.242483846889103; 8.732823883004594
436301; 6240; 6240.0; 6240; 4115; 4115.0; 4115; 1.3231645125727422E-4; 0.016336033805435825; 13.321950744577718; 8.785228736207902
458116; 6240; 6240.0; 6240; 4115; 4115.0; 4115; 1.2883243545302938E-4; 0.016279186936215984; 13.229395411028914; 8.724192646856407
481021; 6240; 6240.0; 6240; 4115; 4115.0; 4115; 1.7555886333444902E-4; 0.016344031212587894; 13.334997625400122; 8.793832568673318
505072; 6240; 6240.0; 6240; 4115; 4115.0; 4115; 2.369042433554028E-4; 0.01636826488784713; 13.374571164301363; 8.819929541842965
530325; 6240; 6240.0; 6240; 4115; 4115.0; 4115; 2.580943760901334E-4; 0.016391084306241453; 13.411888825137; 8.844538864653646
556841; 6240; 6240.0; 6240; 4115; 4115.0; 4115; 2.2592571308506376E-4; 0.01636295169729417; 13.365889717339272; 8.814204517123574
584683; 6240; 6240.0; 6240; 4115; 4115.0; 4115; 2.6097868417586964E-4; 0.016298012189685053; 13.260010050649319; 8.744381627952235
613917; 6240; 6240.0; 6240; 4115; 4115.0; 4115; 3.107320696445937E-4; 0.016283518096282184; 13.236435842670113; 8.728835495606972
644612; 6240; 6240.0; 6240; 4115; 4115.0; 4115; 3.76120519009885E-4; 0.01622214117254602; 13.13684058196288; 8.663156890188663
676842; 6240; 6240.0; 6240; 4115; 4115.0; 4115; 3.223708044122557E-4; 0.01620662063154101; 13.111715250550956; 8.646587861541216
710684; 6240; 6240.0; 6240; 4115; 4115.0; 4115; 2.682581850724091E-4; 0.016315735626837757; 13.288865193919555; 8.763410300156886
746218; 6240; 6240.0; 6240; 4115; 4115.0; 4115; 2.5045027056436593E-4; 0.016274383262273512; 13.22158908432302; 8.719044724677762
783528; 6240; 6240.0; 6240; 4115; 4115.0; 4115; 2.3362049601290575E-4; 0.01627877408911278; 13.228724413350928; 8.723750153996646
822704; 6240; 6240.0; 6240; 4115; 4115.0; 4115; 2.4673868122678384E-4; 0.016210178348120302; 13.117472513327186; 8.650384518003424
863839; 6240; 6240.0; 6240; 4115; 4115.0; 4115; 2.554034953272543E-4; 0.0162337348233154; 13.155624583981057; 8.675544096647764
907030; 6240; 6240.0; 6240; 4115; 4115.0; 4115; 2.2869254600178606E-4; 0.016259527768911722; 13.197462383939131; 8.703134248382936
952381; 6240; 6240.0; 6240; 4115; 4115.0; 4115; 1.7090492145475393E-4; 0.016299673748133518; 13.262713865635998; 8.746164672610918
1000000; 6240; 6240.0; 6240; 4115; 4115.0; 4115; 2.1134489999999998E-4; 0.016240341302605064; 13.166334386404992; 8.682606730778291
