p = 12; number of cycles = 10000; data structure = Google Zetasketch Sparse
true distinct count; minimum memory size; average memory size; maximum memory size; minimum serialization size; average serialization size; maximum serialization size; relative distinct count estimation bias; relative distinct count estimation rmse; estimated memory MVP; estimated serialization MVP
1; 2440; 2440.0; 2440; 22; 22.0; 22; 0.0; 0.0; 0.0; 0.0
2; 2528; 2528.0; 2528; 22; 24.8826; 25; -3.5E-4; 0.013228756555322952; 3.5392; 0.03483564
3; 2616; 2616.0; 2616; 24; 27.6539; 28; -3.9999999999999996E-4; 0.011547005383792516; 2.7904; 0.029497493333333336
4; 2616; 2623.9904; 2624; 25; 30.3242; 31; -4.75E-4; 0.0114564392373896; 2.75518992; 0.03184041
5; 2616; 2636.4072; 2640; 28; 32.8975; 34; -5.4E-4; 0.010770329614269008; 2.4465858816; 0.03052888
6; 2624; 2644.4024; 2648; 31; 35.3808; 37; -6.5E-4; 0.01092906420717; 2.5268734044444443; 0.033808319999999996
7; 2544; 2647.9752; 2648; 33; 37.7972; 40; -8.571428571428572E-4; 0.011605769149479944; 2.85332837877551; 0.04072841142857143
8; 2648; 2649.672; 2664; 35; 40.1411; 43; -9.5E-4; 0.011319231422671772; 2.7159138; 0.0411446275
9; 2648; 2661.1712; 2680; 38; 42.4422; 46; -0.0010555555555555555; 0.0111665284679121; 2.6546004069135805; 0.04233740444444444
10; 2648; 2674.0864; 2680; 39; 44.6776; 49; -0.0012200000000000002; 0.01131370849898476; 2.7382644736; 0.0457498624
11; 2648; 2677.6632; 2680; 42; 46.8618; 51; -0.001290909090909091; 0.011059568236905855; 2.620126635371901; 0.04585485223140496
12; 2664; 2677.7256; 2680; 43; 49.0024; 54; -0.0014; 0.0109924216318941; 2.58846808; 0.04736898666666667
13; 2664; 2677.7432; 2704; 45; 51.1074; 56; -0.0015153846153846153; 0.010959851422134622; 2.573168613491124; 0.04911148970414201
14; 2664; 2679.26; 2728; 47; 53.1708; 58; -0.00165; 0.010996288798814752; 2.5917739591836733; 0.0514346106122449
15; 2560; 2682.4128; 2728; 49; 55.2029; 60; -0.0017733333333333331; 0.011035296904831233; 2.613266158933333; 0.05377989191111111
16; 2664; 2687.3288; 2744; 51; 57.2109; 62; -0.00188125; 0.01102199505534275; 2.6117476775; 0.0556018434375
17; 2664; 2699.9816; 2744; 53; 59.1993; 64; -0.001988235294117647; 0.01100487466698218; 2.615899128027682; 0.05735572318339101
18; 2680; 2723.0696; 2744; 55; 61.1559; 66; -0.00205; 0.010900787150193658; 2.588597027160494; 0.05813585555555556
19; 2680; 2739.14; 2744; 57; 63.0879; 68; -0.002168421052631579; 0.010913916501751431; 2.610150027700831; 0.060117001662049856
20; 2592; 2741.6144; 2744; 59; 65.0091; 70; -0.0022700000000000003; 0.01088577052853862; 2.5990504512; 0.0616286268
21; 2728; 2741.7264; 2752; 61; 66.9181; 72; -0.0023857142857142857; 0.01091089451179962; 2.611168; 0.06373152380952381
22; 2728; 2741.7264; 2752; 62; 68.8116; 74; -0.002509090909090909; 0.010984587248722338; 2.646559037355372; 0.06642309818181819
23; 2728; 2741.7264; 2752; 64; 70.7046; 76; -0.0025782608695652173; 0.010973416925325186; 2.64117915584121; 0.06811165247637051
24; 2728; 2741.7264; 2752; 66; 72.574; 78; -0.0027166666666666663; 0.011071108546322019; 2.6884150533333333; 0.07116283888888889
25; 2728; 2741.7264; 2752; 67; 74.4408; 79; -0.002884; 0.011207140580897518; 2.75488668672; 0.07479811584
26; 2728; 2741.7264; 2752; 69; 76.3071; 81; -0.0029653846153846154; 0.011167100877659982; 2.7352371067455623; 0.07612649147928995
27; 2728; 2741.7488; 2792; 71; 78.1609; 83; -0.003074074074074074; 0.011148086624661045; 2.725952716378601; 0.07771059028806585
28; 2728; 2743.1816; 2840; 73; 80.0102; 84; -0.0032142857142857142; 0.011180339887498949; 2.7431815999999998; 0.0800102
29; 2728; 2747.432; 2840; 75; 81.846; 86; -0.0033379310344827584; 0.011247935469172477; 2.7807540052318664; 0.08283866254458977
30; 2728; 2754.9584; 2840; 77; 83.6915; 88; -0.00345; 0.011239810200058244; 2.7843446229333333; 0.08458420933333334
31; 2728; 2757.1368; 2840; 78; 85.5256; 90; -0.0035903225806451613; 0.011281102225835943; 2.8070579033506764; 0.08707413843912591
32; 2744; 2757.6352; 2840; 80; 87.3626; 93; -0.003728125; 0.01142656581173889; 2.8804361425000002; 0.09125296578125
33; 2592; 2757.6448; 2856; 82; 89.1912; 95; -0.0038515151515151514; 0.011463200193562265; 2.8989456079338844; 0.09376132760330579
34; 2744; 2760.0208; 2872; 84; 91.0308; 96; -0.003944117647058824; 0.011440382552221602; 2.8899041317647054; 0.09531460235294117
35; 2744; 2781.7808; 2872; 86; 92.8729; 97; -0.004017142857142857; 0.011385633625812158; 2.8848770027102044; 0.09631488339591836
36; 2744; 2823.9376; 2872; 88; 94.7071; 99; -0.004102777777777778; 0.011361756297898644; 2.916325681975309; 0.09780554216049382
37; 2656; 2857.6128; 2888; 89; 96.549; 101; -0.004232432432432432; 0.011409119415786722; 2.9757580771950325; 0.10054072636961285
38; 2744; 2866.2232; 2888; 91; 98.3839; 103; -0.004310526315789474; 0.011385951396202071; 2.972614864487534; 0.10203582315789472
39; 2656; 2867.3472; 2888; 93; 100.2266; 105; -0.004433333333333333; 0.011446930402846008; 3.0057188531755425; 0.1050633077186062
40; 2840; 2867.4528; 2888; 95; 102.0714; 107; -0.0045675; 0.011524430571616109; 3.0466686000000003; 0.10845086250000001
42; 2840; 2867.4528; 2888; 99; 105.7476; 111; -0.004859523809523809; 0.011705474812649386; 3.1431444070748302; 0.11591471619047619
44; 2840; 2867.4528; 2888; 102; 109.4378; 115; -0.005129545454545455; 0.011920449129039416; 3.2596539887603306; 0.1244063585950413
46; 2656; 2867.4312; 2888; 105; 113.146; 118; -0.005341304347826087; 0.01200385886285089; 3.3054055685444235; 0.13042803553875235
48; 2840; 2867.456; 2904; 109; 116.8454; 122; -0.005658333333333334; 0.012229716767865976; 3.4309907555555554; 0.13980876680555554
50; 2840; 2867.456; 2904; 113; 120.5664; 126; -0.005889999999999999; 0.012320714265009152; 3.4822385664000004; 0.14641583616
52; 2656; 2867.4344; 2904; 117; 124.2821; 129; -0.006126923076923077; 0.012370632335442609; 3.5104862565680475; 0.1521536478698225
54; 2840; 2867.4616; 2928; 119; 128.0143; 133; -0.006368518518518518; 0.012473566014110305; 3.5691833413443073; 0.1593418049657064
56; 2840; 2867.4712; 2936; 123; 131.7484; 137; -0.006623214285714286; 0.01261048114442417; 3.6479793046938775; 0.16760950785714288
58; 2656; 2868.9008; 2952; 125; 135.5079; 142; -0.0068620689655172415; 0.01268618768217045; 3.693752421212842; 0.1744684353388823
60; 2840; 2882.9848; 3032; 129; 139.9245; 146; -0.007075; 0.01277910621113838; 3.7664594753777783; 0.18280358566666666
62; 2840; 2892.5944; 3032; 133; 143.9802; 150; -0.0073854838709677415; 0.012976605861619793; 3.896724984640999; 0.19396125590010405
65; 2656; 2894.7152; 3032; 140; 150.4851; 156; 0.006233846153846154; 0.015571176527852303; 5.6148568064; 0.2918947908923077
68; 2856; 2894.7552; 3032; 144; 156.2641; 162; 0.00654264705882353; 0.012617098575765675; 3.686555887058824; 0.1990069273529412
71; 2872; 2925.3048; 3080; 151; 161.917; 168; 0.005577464788732394; 0.012111038212228541; 3.4326052277246575; 0.1899963178734378
74; 2872; 3035.5512; 3128; 157; 167.5817; 174; 0.004695945945945946; 0.011713184245612213; 3.3317890672899924; 0.18393591119065011
77; 2952; 3111.3656; 3136; 163; 173.2378; 180; 0.0037896103896103896; 0.011363450833364862; 3.214115707012987; 0.17895882567717997
80; 3032; 3114.3352; 3144; 168; 178.8984; 186; 0.002925; 0.011118677978968542; 3.0800775128; 0.17693051760000003
84; 3032; 3114.3352; 3144; 175; 186.4464; 192; 0.001811904761904762; 0.010877070267143256; 2.9476723639002267; 0.17646876952380955
88; 3032; 3114.3352; 3144; 183; 193.9924; 200; 7.886363636363636E-4; 0.010716818866229393; 2.861456329421488; 0.17824053776859503
92; 3032; 3114.3496; 3176; 190; 201.5361; 208; -2.0434782608695653E-4; 0.010647736431529093; 2.8246974254820416; 0.18279209977315689
96; 3032; 3114.3496; 3176; 198; 209.0675; 215; -0.0011770833333333334; 0.010736748938937606; 2.872122408888889; 0.19280669444444445
100; 3032; 3114.3496; 3176; 206; 216.6108; 223; -0.002051; 0.010898164983151982; 2.959130415936; 0.20581491772800004
105; 3032; 3114.3664; 3224; 213; 225.9952; 233; -0.003179047619047619; 0.011189564299218678; 3.119507576279365; 0.22636827144126986
110; 3032; 3114.384; 3240; 223; 235.3806; 243; -0.0021663636363636364; 0.013740511376675979; 4.704006775537191; 0.3555219707107438
115; 3032; 3119.964; 3280; 232; 244.7492; 253; 0.003470434782608696; 0.01145154994833807; 3.273166617890359; 0.2567673573141777
120; 3032; 3152.9232; 3432; 239; 254.0989; 262; 0.0022091666666666666; 0.011002840542332694; 3.0536061192000004; 0.24609478464999995
125; 3080; 3170.4232; 3432; 249; 263.4316; 272; 0.0010072000000000002; 0.010737001443606124; 2.9239722548019205; 0.24295390263296
131; 3120; 3171.244; 3432; 260; 276.4312; 286; -4.3053435114503817E-4; 0.010739782527302719; 2.92624456551483; 0.25507507361109494
137; 3120; 3183.888; 3512; 273; 287.703; 298; -0.0017802919708029196; 0.01077155636639501; 2.955321177516117; 0.2670492079919015
143; 3016; 3366.9008; 3592; 283; 298.7565; 310; -0.001127972027972028; 0.013226769454110306; 4.712245141376106; 0.41813345542569325
150; 3280; 3559.4728; 3600; 296; 311.6288; 323; 0.0019686666666666667; 0.010923776310822595; 3.397983474033778; 0.29749054759822224
157; 3376; 3569.1944; 3608; 309; 324.4754; 337; 2.9554140127388534E-4; 0.010642852776665183; 3.2342701983204187; 0.29402744672806197
164; 3408; 3569.2192; 3624; 321; 337.2295; 351; -0.0014164634146341464; 0.01071142068149981; 3.2761015851516953; 0.3095349536139203
172; 3408; 3569.2192; 3624; 335; 351.7829; 365; 0.0010290697674418604; 0.012783295955638894; 4.66604469996755; 0.4598862227582477
180; 2936; 3569.1616; 3624; 346; 366.2462; 381; 6.216666666666666E-4; 0.010590730864624668; 3.2026395482864194; 0.32863588035061725
188; 3432; 3569.26; 3688; 361; 380.6695; 397; -0.001297340425531915; 0.01063630300445296; 3.230349956994115; 0.3445239917949299
197; 3432; 3569.26; 3688; 375; 396.795; 415; 0.0012314720812182742; 0.011541276428949292; 3.8034337692803217; 0.42282812193048
206; 3432; 3569.2936; 3808; 388; 412.8406; 431; -4.830097087378641E-4; 0.010483975985966119; 3.138515626068432; 0.36301487615797906
216; 3432; 3569.3256; 3808; 402; 430.6045; 451; 9.402777777777778E-4; 0.011875248174433643; 4.026813749176955; 0.48579600612997254
226; 3432; 3588.056; 3880; 421; 448.2569; 467; -5.473451327433628E-4; 0.010417793684300389; 3.1153059479677343; 0.38919609582112924
237; 3304; 3630.0696; 4168; 443; 467.5797; 488; 9.278481012658229E-4; 0.011011041477262748; 3.520965227504139; 0.45352625326710466
248; 3512; 3673.5464; 4176; 460; 486.7378; 509; -4.504032258064516E-4; 0.011637448857929117; 3.980073457180021; 0.5273520428069719
260; 3576; 3673.9512; 4176; 478; 507.5396; 533; -2.803846153846154E-4; 0.010409443254840273; 3.184772206494675; 0.4399617533775148
273; 3592; 3740.1704; 4320; 503; 529.9026; 559; 2.846153846153846E-4; 0.010591149273883061; 3.356352406289096; 0.47552375330515634
286; 3456; 4125.5096; 4488; 523; 552.1269; 582; 5.496503496503496E-4; 0.010924321446253712; 3.9387328975852123; 0.5271301234329306
300; 3880; 4424.9464; 4496; 546; 575.8194; 606; 3.156666666666667E-4; 0.011164079302238348; 4.412084555797334; 0.574145684944
314; 4008; 4428.6896; 4536; 568; 599.3106; 630; 2.1910828025477707E-4; 0.011089389652392543; 4.356929340912816; 0.589599672431336
329; 4008; 4428.6896; 4536; 592; 624.3531; 654; 1.3556231003039514E-4; 0.01074054210217137; 4.0871222963099; 0.5761992160796742
345; 4008; 4428.6896; 4536; 614; 650.8057; 685; -2.1999999999999998E-4; 0.010743227132316954; 4.0891660326822095; 0.6009119632850242
362; 4168; 4428.7976; 4656; 642; 678.6463; 709; -1.0966850828729281E-4; 0.011260456003994928; 4.492496798105064; 0.6884072394267574
380; 4168; 4428.7976; 4656; 673; 707.8775; 739; -4.657894736842106E-5; 0.010854457705365217; 4.174380966679224; 0.6672127809002771
398; 3456; 4428.696; 4656; 701; 736.759; 767; -5.753768844221106E-5; 0.011192642475063996; 4.438447831802227; 0.7383813172344134
417; 4168; 4428.8936; 4824; 728; 767.0024; 799; -6.115107913669065E-5; 0.011195394268175745; 4.44082868238566; 0.7690693353704949
437; 4168; 4428.9576; 4888; 755; 798.4356; 832; -1.3272311212814645E-5; 0.011189954748142298; 4.436578499032618; 0.7998094666388786
458; 4168; 4458.5376; 5256; 789; 831.0871; 866; 3.0131004366812227E-5; 0.011070536486253793; 4.371392026116969; 0.8148428583284071
480; 4168; 4575.4664; 5560; 819; 864.9212; 901; 4.229166666666667E-5; 0.011154124641933034; 4.554034788286112; 0.8608698850736111
504; 4320; 4626.2072; 5584; 856; 901.3136; 940; 3.313492063492063E-5; 0.011203186381989697; 4.645133387808012; 0.9050009468329553
529; 4472; 4751.7792; 5800; 888; 938.7025; 980; 9.168241965973536E-5; 0.01123752941338966; 4.800516006471676; 0.9483303383635707
555; 4576; 4814.0896; 5976; 928; 977.0056; 1023; 1.3135135135135137E-4; 0.011173481307200554; 4.808185004428602; 0.9758072793582339
582; 4600; 5484.6832; 6264; 965; 1016.2009; 1062; 6.082474226804124E-5; 0.011205147003724067; 5.509049206776491; 1.0207154283898396
611; 5144; 6161.1848; 6320; 1002; 1057.6902; 1102; -3.289689034369885E-5; 0.01122459678277539; 6.210058912805655; 1.0660804158150226
641; 5384; 6181.8216; 6320; 1041; 1099.9351; 1146; 1.6068642745709828E-5; 0.011192346942888136; 6.1951065863410575; 1.1022989053190582
673; 5384; 6181.912; 6400; 1080; 1144.1626; 1190; -3.863298662704309E-6; 0.011240219719311327; 6.248307680371979; 1.1564512664001643
706; 5384; 6182.012; 6616; 1121; 1189.0358; 1237; 7.223796033994335E-6; 0.011272322747938785; 6.284151703437151; 1.2086811458822397
741; 5384; 6182.012; 6616; 1167; 1235.7712; 1288; 2.3481781376518218E-5; 0.01134924684455233; 6.37021242250524; 1.2733920687333198
778; 5688; 6182.188; 6680; 1220; 1284.1576; 1339; 7.956298200514138E-5; 0.011379982488010653; 6.404944668613081; 1.3304283813075515
816; 5688; 6182.188; 6680; 1274; 1332.8595; 1390; 1.2794117647058824E-4; 0.011402341702031584; 6.430138067060746; 1.3863167229779412
856; 5688; 6182.188; 6680; 1318; 1382.9504; 1443; 3.2126168224299064E-5; 0.011444311852591635; 6.477561754332256; 1.449025267296707
898; 5688; 6182.42; 6944; 1375; 1434.4388; 1499; 8.596881959910914E-5; 0.011390115167902283; 6.416596395970258; 1.488772169202335
942; 4416; 6182.3568; 7064; 1424; 1487.202; 1552; 1.0201698513800425E-4; 0.011358528281894417; 6.38099170665693; 1.5349847857573669
989; 5688; 6211.8888; 7312; 1473; 1542.0792; 1605; 4.186046511627907E-5; 0.01137538253840349; 6.430513885428572; 1.5963520963270597
1038; 5944; 6666.3272; 8616; 1532; 1597.9125; 1661; 6.936416184971098E-5; 0.011435091617906639; 6.973581970319385; 1.6715611859177832
1089; 6232; 6814.8496; 8656; 1580; 1654.5124; 1715; 1.0101010101010101E-4; 0.01153977358914327; 7.260070511341514; 1.7626033428366308
1143; 6480; 6818.3424; 8824; 1635; 1712.583; 1777; 3.762029746281715E-6; 0.01155099857526197; 7.277929664982744; 1.8280188773513548
1200; 6480; 6818.3424; 8824; 1684; 1772.1566; 1840; -4.2749999999999996E-5; 0.011652673155403729; 7.406617618368; 1.9250553178536667
1260; 4672; 7020.9744; 9160; 1752; 1832.8688; 1907; -3.111111111111111E-5; 0.011709795026885846; 7.701688736309599; 2.010573488502293
1323; 6520; 8403.1712; 9704; 1817; 1894.8041; 1972; 9.168556311413455E-5; 0.011739446543170082; 9.264637766811063; 2.089053430872436
1389; 7568; 9522.9936; 9808; 1889; 1957.3685; 2044; 9.23686105111591E-5; 0.011818623720526231; 10.641363809055226; 2.1872397684783405
1458; 6264; 9548.4544; 9952; 1947; 2020.5188; 2096; 1.1165980795610425E-4; 0.011832597687620905; 10.695060917835095; 2.2631486465109014
1530; 8032; 9548.8368; 10088; 2012; 2083.9243; 2171; 2.4052287581699346E-5; 0.011856382095862667; 10.738529921676482; 2.343561202141262
1606; 8032; 9548.8368; 10088; 2071; 2148.291; 2235; -2.945205479452055E-5; 0.011894526630976506; 10.80773739832093; 2.4315176255998288
1686; 8032; 9549.0272; 10368; 2139; 2213.349; 2301; -1.0213523131672597E-4; 0.011936585913853496; 10.884522309935846; 2.522900612344491
1770; 8032; 9549.0272; 10368; 2198; 2279.0116; 2369; -2.2372881355932205E-5; 0.012047320172130489; 11.087407821023895; 2.6461680869486033
1858; 8616; 9549.4224; 10480; 2253; 2344.737; 2432; 2.3842841765339073E-5; 0.012084709095337992; 11.156795992879317; 2.739406769351398
1950; 8616; 9549.4224; 10480; 2331; 2410.3989; 2502; 8.656410256410256E-5; 0.012211672453669617; 11.392456653898728; 2.8756048100726153
2047; 8616; 9906.3888; 10992; 2390; 2476.2975; 2557; 5.979482169027845E-5; 0.012271323340575423; 11.93405829992148; 2.9831535314816042
2149; 9128; 10061.864; 11512; 2461; 2542.2513; 2627; 8.082829222894369E-5; 0.01228349948165224; 12.145423241396726; 3.068687673028679
2256; 9128; 10062.0944; 11728; 2521; 2607.8673; 2689; 7.411347517730496E-5; 0.012299965644112006; 12.178286062080378; 3.1563363181471633
2368; 6776; 10061.7504; 11728; 2589; 2673.0325; 2758; 1.2875844594594594E-4; 0.012326411063808442; 12.230291825726352; 3.2491332258302563
2486; 9128; 10062.2456; 11728; 2648; 2737.7598; 2820; 1.2912308930008046E-4; 0.012351357635484964; 12.280450370848717; 3.341294248592452
2610; 9128; 10062.6496; 11896; 2709; 2801.9361; 2889; 1.3475095785440614E-4; 0.012381393673321136; 12.340745666282057; 3.436269984326419
2740; 9128; 10098.5416; 12200; 2775; 2865.2514; 2947; 1.2262773722627738E-4; 0.012458991285411728; 12.540487220878171; 3.558102742905301
2877; 9128; 10359.684; 14184; 2834; 2927.9105; 3012; 9.023288147375739E-5; 0.012546995585096686; 13.047159924142392; 3.6874596307257748
3020; 9672; 10750.0104; 14256; 2898; 2988.9994; 3066; 1.0629139072847682E-4; 0.012602046075230184; 13.657807827393533; 3.7975013867330385
3171; 9888; 10780.6056; 14256; 2958; 3066.7896; 4116; -3.5509303058971935E-5; 0.012636435984664867; 13.771534936695879; 3.917627792625637
3329; 6320; 10702.1632; 14256; 3016; 3823.4198; 4116; -6.234304595974767E-4; 0.012993914937514551; 14.455782163621643; 5.164425426522914
3495; 6320; 7587.5048; 14184; 3071; 4115.5875; 4116; 4.00486409155937E-4; 0.012353361531445776; 9.263162206437661; 5.024491659931109
3669; 6320; 6321.5584; 10216; 4116; 4116.0; 4116; 4.028890705914418E-4; 0.012326262527635367; 7.683816199656917; 5.002973234857384
3852; 6320; 6320.0; 6320; 4116; 4116.0; 4116; 6.272066458982347E-4; 0.012530722654028097; 7.938881157338664; 5.170321968924991
4044; 6320; 6320.0; 6320; 4116; 4116.0; 4116; 5.965875370919881E-4; 0.012456290535863866; 7.844847833084342; 5.109081278635308
4246; 6320; 6320.0; 6320; 4116; 4116.0; 4116; 8.797927461139896E-4; 0.01243358756364941; 7.816277680980509; 5.090474515018319
4458; 6320; 6320.0; 6320; 4116; 4116.0; 4116; 0.0010215791834903543; 0.012432727053239754; 7.815195812126983; 5.089769930809282
4680; 6320; 6320.0; 6320; 4116; 4116.0; 4116; 8.066239316239316E-4; 0.01237016470667767; 7.736740489444079; 5.0386746605303525
4913; 6320; 6320.0; 6320; 4116; 4116.0; 4116; 9.505393853042947E-4; 0.012504885442515606; 7.906176406082982; 5.149022482189486
5158; 6320; 6320.0; 6320; 4116; 4116.0; 4116; 9.126017836370687E-4; 0.01245661606615802; 7.84525786992232; 5.109348321613966
5415; 6320; 6320.0; 6320; 4116; 4116.0; 4116; 8.495290858725762E-4; 0.01248799534219673; 7.884833398829727; 5.135122511009993
5685; 6320; 6320.0; 6320; 4116; 4116.0; 4116; 7.831486367634125E-4; 0.012547890467310365; 7.960649509881502; 5.184498952954472
5969; 6320; 6320.0; 6320; 4116; 4116.0; 4116; 9.180432233204892E-4; 0.012599155901431172; 8.025830159908395; 5.226948882623885
6267; 6320; 6320.0; 6320; 4116; 4116.0; 4116; 0.0011022658369235678; 0.012611027413560473; 8.040961908237009; 5.236803673149293
6580; 6320; 6320.0; 6320; 4116; 4116.0; 4116; 6.784802431610943E-4; 0.01251782055807236; 7.922541241858445; 5.159680340425532
6909; 6320; 6320.0; 6320; 4116; 4116.0; 4116; 7.915617310754088E-4; 0.012646336503186582; 8.086052050684497; 5.26616934186984
7254; 6320; 6320.0; 6320; 4116; 4116.0; 4116; 9.854976564653984E-4; 0.012803023696968164; 8.28766454209609; 5.397472666972707
7616; 6320; 6320.0; 6320; 4116; 4116.0; 4116; 9.366596638655463E-4; 0.012654641888074452; 8.096676444107054; 5.273088646193772
7996; 6320; 6320.0; 6320; 4116; 4116.0; 4116; 8.348424212106053E-4; 0.012965315794024662; 8.49910635357699; 5.535177492297925
8395; 6320; 6320.0; 6320; 4116; 4116.0; 4116; 7.78117927337701E-4; 0.012999435515915005; 8.543897967911782; 5.5643487398615346
8814; 6320; 6320.0; 6320; 4116; 4116.0; 4116; 8.296006353528477E-4; 0.013122939146103598; 8.70701504944302; 5.670581320175233
9254; 6320; 6320.0; 6320; 4116; 4116.0; 4116; 6.827209855197752E-4; 0.013008777572115871; 8.556182540634886; 5.5723492622236055
9716; 6320; 6320.0; 6320; 4116; 4116.0; 4116; 7.432688349114861E-4; 0.013178506942676025; 8.780909167241381; 5.71870603360214
10201; 6320; 6320.0; 6320; 4116; 4116.0; 4116; 7.353004607391432E-4; 0.013153084388129099; 8.74706347825817; 5.696663493118771
10711; 6320; 6320.0; 6320; 4116; 4116.0; 4116; 7.689291382690693E-4; 0.013369738410898325; 9.037595205690982; 5.885876877630392
11246; 6320; 6320.0; 6320; 4116; 4116.0; 4116; 7.841988262493331E-4; 0.013398551588359234; 9.076591096709107; 5.911273568679539
11808; 6320; 6320.0; 6320; 4116; 4116.0; 4116; 7.83519647696477E-4; 0.013492092986062906; 9.20376913818935; 5.9941002805043295
12398; 6320; 6320.0; 6320; 4116; 4116.0; 4116; 6.895225036296177E-4; 0.013587866446308161; 9.334898592290473; 6.079500412320821
13017; 6320; 6320.0; 6320; 4116; 4116.0; 4116; 6.5992164093109E-4; 0.013684478395343373; 9.468115819044442; 6.166260239111855
13667; 6320; 6320.0; 6320; 4116; 4116.0; 4116; 9.345284261359479E-4; 0.013737214961474817; 9.541231946831129; 6.213878274233691
14350; 6320; 6320.0; 6320; 4116; 4116.0; 4116; 9.82432055749129E-4; 0.013826281058418152; 9.665355382146195; 6.294715625461035
15067; 6320; 6320.0; 6320; 4116; 4116.0; 4116; 9.736244773345723E-4; 0.01399750184907762; 9.90622373323493; 6.45158495031566
15820; 6320; 6320.0; 6320; 4116; 4116.0; 4116; 8.209228824273072E-4; 0.014079691906278991; 10.022899334325318; 6.527571781658705
16610; 6320; 6320.0; 6320; 4117; 4117.0; 4117; 0.0010642263696568333; 0.014406416103649572; 10.493466349547523; 6.835696354602397
17440; 6320; 6320.0; 6320; 4117; 4117.0; 4117; 0.0010981594036697248; 0.014320544948607742; 10.368744065524787; 6.754449259140118
18311; 6320; 6320.0; 6320; 4117; 4117.0; 4117; 0.0011650101032166457; 0.014375550140770504; 10.448549699926232; 6.806436568765237
19226; 6320; 6320.0; 6320; 4117; 4117.0; 4117; 0.0010501300322479975; 0.014310185271140337; 10.353747710114934; 6.744680272554301
20187; 6320; 6320.0; 6320; 4117; 4117.0; 4117; 8.710853519591816E-4; 0.014378493183934133; 10.452828309116665; 6.809223757695143
21196; 6320; 6320.0; 6320; 4117; 4117.0; 4117; 2.697065484053595E-4; 0.01452561099808116; 10.667825033304663; 6.949277794638497
22255; 6320; 6320.0; 6320; 4117; 4117.0; 4117; 1.771961356998427E-4; 0.014589487610949728; 10.76185520080281; 7.0105313072318305
23367; 6320; 6320.0; 6320; 4117; 4117.0; 4117; 1.26139427397612E-4; 0.014689917109629446; 10.910527686614355; 7.1073801401568515
24535; 6320; 6320.0; 6320; 4117; 4117.0; 4117; 1.0701446912573873E-4; 0.014637676894195047; 10.833065730463533; 7.056919558911133
25761; 6320; 6320.0; 6320; 4117; 4117.0; 4117; 5.3153992469236443E-5; 0.01466781423272126; 10.877719791925767; 7.086008288506074
27049; 6320; 6320.0; 6320; 4117; 4117.0; 4117; 4.0482088062405265E-6; 0.01475240217427362; 11.003543182726098; 7.167972671405592
28401; 6320; 6320.0; 6320; 4117; 4117.0; 4117; -6.3730150346818775E-6; 0.014913525024545847; 11.245212840936102; 7.325402099071824
29821; 6320; 6320.0; 6320; 4117; 4117.0; 4117; 2.2531102243385536E-5; 0.014926462236234042; 11.264731338424292; 7.33811691776785
31312; 6320; 6320.0; 6320; 4117; 4117.0; 4117; 8.97100153295861E-5; 0.01497580973343513; 11.339337789818867; 7.386717354538652
32877; 6320; 6320.0; 6320; 4117; 4117.0; 4117; 1.1398546096054994E-4; 0.015017473764056741; 11.402519642928944; 7.427875533218111
34520; 6320; 6320.0; 6320; 4117; 4117.0; 4117; 8.2013325608343E-5; 0.015094473435293177; 11.519748566280283; 7.504241273318976
36245; 6320; 6320.0; 6320; 4117; 4117.0; 4117; 1.6901641605738722E-5; 0.015169230199096781; 11.634136346766073; 7.578756224625938
38057; 6320; 6320.0; 6320; 4117; 4117.0; 4117; -4.1603384397088576E-5; 0.015174333687261229; 11.641965968214864; 7.58385662834503
39959; 6320; 6320.0; 6320; 4117; 4117.0; 4117; -1.533521859906404E-4; 0.01528634602320583; 11.814475266914096; 7.696233334475528
41956; 6320; 6320.0; 6320; 4117; 4117.0; 4117; -1.3854514253026982E-4; 0.015341187782506479; 11.899399272750053; 7.751554874353159
44053; 6320; 6320.0; 6320; 4117; 4117.0; 4117; -2.0814473475132226E-4; 0.015407069771435753; 12.001821514501925; 7.818275185950068
46255; 6320; 6320.0; 6320; 4117; 4117.0; 4117; -1.9358123446113935E-4; 0.015378381453704864; 11.957167791818653; 7.789186677043892
48567; 6320; 6320.0; 6320; 4117; 4117.0; 4117; -1.0410772746926924E-4; 0.015434494580383701; 12.04458637644775; 7.846133245543575
50995; 6320; 6320.0; 6320; 4117; 4117.0; 4117; -7.542896362388469E-5; 0.015479734514232773; 12.115297452709898; 7.892196141266875
53544; 6320; 6320.0; 6320; 4117; 4117.0; 4117; -1.023158523830868E-4; 0.015421159039221016; 12.02378210747065; 7.8325808443760545
56221; 6320; 6320.0; 6320; 4117; 4117.0; 4117; -1.371871720531474E-4; 0.015479429742562327; 12.114820395032918; 7.891885374422551
59032; 6320; 6320.0; 6320; 4117; 4117.0; 4117; -2.240632199485025E-4; 0.015600576715156932; 12.305191368828309; 8.015897605295276
61983; 6320; 6320.0; 6320; 4117; 4117.0; 4117; -1.6303018569607797E-4; 0.015654759115878627; 12.390814179275914; 8.07167436330363
65082; 6320; 6320.0; 6320; 4117; 4117.0; 4117; -1.50623828401094E-4; 0.01566820178077212; 12.412103178493606; 8.08554252940794
68336; 6320; 6320.0; 6320; 4117; 4117.0; 4117; -1.5748946382580193E-4; 0.015723374984342675; 12.499671776615674; 8.142586820304862
71752; 6320; 6320.0; 6320; 4117; 4117.0; 4117; -1.5886525811127216E-4; 0.015811446992381042; 12.640093838999785; 8.234061128981347
75339; 6320; 6320.0; 6320; 4117; 4117.0; 4117; -5.268320524562312E-5; 0.015817466014260168; 12.649719205036645; 8.240331323913903
79105; 6320; 6320.0; 6320; 4117; 4117.0; 4117; 7.864483913785474E-5; 0.015858172771109104; 12.714911902354785; 8.28279941487257
83060; 6320; 6320.0; 6320; 4117; 4117.0; 4117; 9.368047194798941E-5; 0.015778226716582123; 12.58703528145242; 8.199497508503104
87213; 6320; 6320.0; 6320; 4117; 4117.0; 4117; 1.0750690837375161E-4; 0.015798660785393805; 12.619658832859686; 8.220749274506856
91573; 6320; 6320.0; 6320; 4117; 4117.0; 4117; 1.3899075054874254E-4; 0.015718681384911226; 12.492210312926735; 8.137726243404963
96151; 6320; 6320.0; 6320; 4117; 4117.0; 4117; 4.8106623956069094E-5; 0.01580572143022573; 12.630941161255583; 8.228098854571082
100958; 6320; 6320.0; 6320; 4117; 4117.0; 4117; 4.8864874502268274E-5; 0.015776900411465893; 12.58491925815789; 8.198119080037348
106005; 6320; 6320.0; 6320; 4117; 4117.0; 4117; -5.756332248478845E-6; 0.015797940100079764; 12.618507520672607; 8.219999282058405
111305; 6320; 6320.0; 6320; 4117; 4117.0; 4117; 2.2731233996675802E-5; 0.0157798876693606; 12.589685461602212; 8.201223899591188
116870; 6320; 6320.0; 6320; 4117; 4117.0; 4117; 1.0587404808761872E-4; 0.015921417789504927; 12.816532486277854; 8.34899750727942
122713; 6320; 6320.0; 6320; 4117; 4117.0; 4117; 1.4532608607075045E-4; 0.016009116926543034; 12.95811466025626; 8.441227540549846
128848; 6320; 6320.0; 6320; 4117; 4117.0; 4117; 1.0717977772258787E-4; 0.016012910995574548; 12.96425738599884; 8.445229059835004
135290; 6320; 6320.0; 6320; 4117; 4117.0; 4117; 1.5387094389829255E-4; 0.01601991769820184; 12.975605300170038; 8.452621364050641
142054; 6320; 6320.0; 6320; 4117; 4117.0; 4117; 1.1098455516916103E-4; 0.016065099562028468; 13.048900154299584; 8.500367394818257
149156; 6320; 6320.0; 6320; 4117; 4117.0; 4117; 8.041781758695594E-5; 0.016078221010664268; 13.070224690274243; 8.514258710420737
156613; 6320; 6320.0; 6320; 4117; 4117.0; 4117; 5.2775950910843924E-5; 0.016025209172447444; 12.984178555286269; 8.458206188625564
164443; 6320; 6320.0; 6320; 4117; 4117.0; 4117; 1.1960861818380838E-4; 0.016063118937338552; 13.04568282215147; 8.498271547278101
172665; 6320; 6320.0; 6320; 4117; 4117.0; 4117; 1.809052210928677E-4; 0.016074866211498725; 13.064770927161012; 8.510705997962324
181298; 6320; 6320.0; 6320; 4117; 4117.0; 4117; 1.9307714370814903E-4; 0.01607662168205011; 13.067624583624536; 8.512564938414906
190362; 6320; 6320.0; 6320; 4117; 4117.0; 4117; 8.550918775806095E-5; 0.016007772620790096; 12.955938533142046; 8.439809959010411
199880; 6320; 6320.0; 6320; 4117; 4117.0; 4117; 1.648574144486692E-4; 0.01604676141501187; 13.01912678458546; 8.480972305718092
209874; 6320; 6320.0; 6320; 4117; 4117.0; 4117; 1.70720051078266E-4; 0.0160021659848799; 12.946864627458647; 8.43389899861507
220367; 6320; 6320.0; 6320; 4117; 4117.0; 4117; 1.1979198337319108E-4; 0.016030991419768135; 12.993550199138355; 8.46431110282478
231385; 6320; 6320.0; 6320; 4117; 4117.0; 4117; 1.0060850962681245E-4; 0.015993790426091666; 12.933315355715566; 8.425072677133066
242954; 6320; 6320.0; 6320; 4117; 4117.0; 4117; 4.407212888036418E-5; 0.016075637701523995; 13.066025006938952; 8.511522935691087
255101; 6320; 6320.0; 6320; 4117; 4117.0; 4117; -2.91484549256961E-5; 0.01615018066930592; 13.187480650525817; 8.59064206300867
267856; 6320; 6320.0; 6320; 4117; 4117.0; 4117; 7.64963263843259E-7; 0.016199603801710146; 13.268317378085221; 8.643301051515326
281248; 6320; 6320.0; 6320; 4117; 4117.0; 4117; 4.527996643531687E-5; 0.0161904265425911; 13.253288332065305; 8.633510769479882
295310; 6320; 6320.0; 6320; 4117; 4117.0; 4117; 1.803426907317734E-5; 0.0162498329459855; 13.35072549825435; 8.696983682960944
310075; 6320; 6320.0; 6320; 4117; 4117.0; 4117; -5.221188422155929E-5; 0.01626049526036431; 13.368251381039414; 8.708400464515707
325578; 6320; 6320.0; 6320; 4117; 4117.0; 4117; -2.953393656819564E-5; 0.01623518157459878; 13.326661465635292; 8.681307793357673
341856; 6320; 6320.0; 6320; 4117; 4117.0; 4117; -2.389485631376954E-5; 0.01629275201934701; 13.421342528480615; 8.742985314834602
358948; 6320; 6320.0; 6320; 4117; 4117.0; 4117; 1.1762483702374719E-4; 0.01634455088138493; 13.506818008076984; 8.79866609798306
376895; 6320; 6320.0; 6320; 4117; 4117.0; 4117; 5.3689489115005503E-5; 0.016411397968559404; 13.61752619475995; 8.870784073390302
395739; 6320; 6320.0; 6320; 4117; 4117.0; 4117; 4.6299707635588105E-5; 0.016305813813255656; 13.442870761530981; 8.757009323611243
415525; 6320; 6320.0; 6320; 4117; 4117.0; 4117; 7.302015522531737E-5; 0.01628723781132388; 13.412259280823578; 8.737068268852955
436301; 6320; 6320.0; 6320; 4117; 4117.0; 4117; 1.3231645125727422E-4; 0.016336033805435825; 13.492744984892816; 8.789498592215779
458116; 6320; 6320.0; 6320; 4117; 4117.0; 4117; 1.2883243545302938E-4; 0.016279186936215984; 13.399003044503644; 8.728432837693274
481021; 6320; 6320.0; 6320; 4117; 4117.0; 4117; 1.7555886333444902E-4; 0.016344031212587894; 13.505959133418072; 8.798106606373766
505072; 6320; 6320.0; 6320; 4117; 4117.0; 4117; 2.369042433554028E-4; 0.01636826488784713; 13.54604002538215; 8.824216263369985
530325; 6320; 6320.0; 6320; 4117; 4117.0; 4117; 2.580943760901334E-4; 0.016391084306241453; 13.58383611776696; 8.848837546969396
556841; 6320; 6320.0; 6320; 4117; 4117.0; 4117; 2.2592571308506376E-4; 0.01636295169729417; 13.537247277817979; 8.818488456135542
584683; 6320; 6320.0; 6320; 4117; 4117.0; 4117; 2.6097868417586964E-4; 0.016298012189685053; 13.430010179503798; 8.748631631173598
613917; 6320; 6320.0; 6320; 4117; 4117.0; 4117; 3.107320696445937E-4; 0.016283518096282184; 13.40613373808896; 8.733077942992445
644612; 6320; 6320.0; 6320; 4117; 4117.0; 4117; 3.76120519009885E-4; 0.01622214117254602; 13.30526161506497; 8.667367416016214
676842; 6320; 6320.0; 6320; 4117; 4117.0; 4117; 3.223708044122557E-4; 0.01620662063154101; 13.279814164019559; 8.65079033437793
710684; 6320; 6320.0; 6320; 4117; 4117.0; 4117; 2.682581850724091E-4; 0.016315735626837757; 13.459235260508267; 8.767669551821603
746218; 6320; 6320.0; 6320; 4117; 4117.0; 4117; 2.5045027056436593E-4; 0.016274383262273512; 13.391096636686136; 8.723282413486839
783528; 6320; 6320.0; 6320; 4117; 4117.0; 4117; 2.3362049601290575E-4; 0.01627877408911278; 13.398323444291323; 8.727990129770156
822704; 6320; 6320.0; 6320; 4117; 4117.0; 4117; 2.4673868122678384E-4; 0.016210178348120302; 13.285645237857022; 8.654588836116671
863839; 6320; 6320.0; 6320; 4117; 4117.0; 4117; 2.554034953272543E-4; 0.0162337348233154; 13.32428643762184; 8.679760642988784
907030; 6320; 6320.0; 6320; 4117; 4117.0; 4117; 2.2869254600178606E-4; 0.016259527768911722; 13.366660619630657; 8.707364204275224
952381; 6320; 6320.0; 6320; 4117; 4117.0; 4117; 1.7090492145475393E-4; 0.016299673748133518; 13.432748658785178; 8.750415542439647
1000000; 6320; 6320.0; 6320; 4117; 4117.0; 4117; 2.1134489999999998E-4; 0.016240341302605064; 13.335133545205055; 8.686826709748294
