p = 12; number of cycles = 10000; data structure = Hash4j UltraLogLog ML
true distinct count; minimum memory size; average memory size; maximum memory size; minimum serialization size; average serialization size; maximum serialization size; relative distinct count estimation bias; relative distinct count estimation rmse; estimated memory MVP; estimated serialization MVP
1; 4128; 4128.0; 4128; 4096; 4096.0; 4096; -5.709642961286309E-5; 7.308746961610925E-5; 1.764068837683851E-4; 1.7503938854537436E-4
2; 4128; 4128.0; 4128; 4096; 4096.0; 4096; -1.4589775038501544E-4; 0.008660424781373665; 2.476897664973878; 2.4576969078810573
3; 4128; 4128.0; 4128; 4096; 4096.0; 4096; -1.010625923518058E-4; 0.00745408673233638; 1.8349260192516939; 1.8207017865443165
4; 4128; 4128.0; 4128; 4096; 4096.0; 4096; -9.796485647185611E-5; 0.007499841806639507; 1.8575216381633768; 1.8431222456194745
5; 4128; 4128.0; 4128; 4096; 4096.0; 4096; -3.228665315971714E-5; 0.006633417045105718; 1.453129369232532; 1.4418648004787915
6; 4128; 4128.0; 4128; 4096; 4096.0; 4096; -1.6597424716548867E-6; 0.006452746588978954; 1.375051282397122; 1.3643919701304776
7; 4128; 4128.0; 4128; 4096; 4096.0; 4096; 3.847866021531584E-5; 0.006224512574805108; 1.279500243561982; 1.2695816370227417
8; 4128; 4128.0; 4128; 4096; 4096.0; 4096; 2.1021638987494028E-5; 0.006609172523852401; 1.4425266757263033; 1.4313442983950915
9; 4128; 4128.0; 4128; 4096; 4096.0; 4096; -1.2496838461889542E-5; 0.007018007050910251; 1.6265120160498576; 1.6139033957704014
10; 4128; 4128.0; 4128; 4096; 4096.0; 4096; 2.3966941224565553E-6; 0.006989311462314282; 1.6132380770620613; 1.6007323555344486
11; 4128; 4128.0; 4128; 4096; 4096.0; 4096; -1.945280856150966E-5; 0.007201274005380689; 1.7125700612540775; 1.699294324345131
12; 4128; 4128.0; 4128; 4096; 4096.0; 4096; -1.9639772738792353E-5; 0.00724622188256174; 1.7340153274111598; 1.7205733481289027
13; 4128; 4128.0; 4128; 4096; 4096.0; 4096; -2.5803321673894975E-6; 0.007193625488856436; 1.708934131183699; 1.6956865797791743
14; 4128; 4128.0; 4128; 4096; 4096.0; 4096; 4.9581349600656846E-5; 0.006973813788832163; 1.606091817013357; 1.5936414928504627
15; 4128; 4128.0; 4128; 4096; 4096.0; 4096; 8.304522567635944E-5; 0.006868786250479756; 1.5580797356970464; 1.5460015982110227
16; 4128; 4128.0; 4128; 4096; 4096.0; 4096; 1.195377129320467E-4; 0.006759628161600207; 1.508951526891448; 1.4972542282333747
17; 4128; 4128.0; 4128; 4096; 4096.0; 4096; 6.466875933089825E-5; 0.0070912880249597325; 1.6606569459274019; 1.6477836362690497
18; 4128; 4128.0; 4128; 4096; 4096.0; 4096; 5.5503467392477505E-5; 0.007151378460127202; 1.6889204711721721; 1.6758280644188994
19; 4128; 4128.0; 4128; 4096; 4096.0; 4096; 8.08656798172883E-5; 0.0071258357761935015; 1.6768773326584379; 1.6638782835680623
20; 4128; 4128.0; 4128; 4096; 4096.0; 4096; 9.420391725106631E-5; 0.007137625315389589; 1.6824306363988104; 1.6693885384422305
21; 4128; 4128.0; 4128; 4096; 4096.0; 4096; 7.41848381329733E-5; 0.007218424827762537; 1.7207372165717916; 1.7073981683813124
22; 4128; 4128.0; 4128; 4096; 4096.0; 4096; 2.4996291837439796E-5; 0.007459088811443321; 1.8373895067424928; 1.8231461772328612
23; 4128; 4128.0; 4128; 4096; 4096.0; 4096; 1.5634664171708438E-5; 0.007503925224806442; 1.8595449081737598; 1.845129831366211
24; 4128; 4128.0; 4128; 4096; 4096.0; 4096; -4.184517148902304E-6; 0.007547072620541217; 1.8809910689342075; 1.8664097428184385
25; 4128; 4128.0; 4128; 4096; 4096.0; 4096; 6.760759977558351E-6; 0.007531922270421237; 1.8734466683671287; 1.8589238259766858
26; 4128; 4128.0; 4128; 4096; 4096.0; 4096; 1.3798839361346292E-5; 0.007524628622177306; 1.8698200656174087; 1.855325336426576
27; 4128; 4128.0; 4128; 4096; 4096.0; 4096; 1.7440133815114248E-5; 0.007523443271365877; 1.8692310084639754; 1.8547408456076655
28; 4128; 4128.0; 4128; 4096; 4096.0; 4096; -7.941788112464327E-6; 0.007597010983003807; 1.9059661537250772; 1.8911912223008518
29; 4128; 4128.0; 4128; 4096; 4096.0; 4096; 1.8594249004286752E-5; 0.007525102947306338; 1.870055806314253; 1.855559249676158
30; 4128; 4128.0; 4128; 4096; 4096.0; 4096; 3.733173194439734E-5; 0.007533758828298562; 1.8743604092678872; 1.8598304836146475
31; 4128; 4128.0; 4128; 4096; 4096.0; 4096; 3.5370589836221134E-5; 0.0075618364865435595; 1.8883575975294884; 1.8737191665408879
32; 4128; 4128.0; 4128; 4096; 4096.0; 4096; 4.988332763101524E-5; 0.007515047256647998; 1.8650612863450076; 1.8506034469159764
33; 4128; 4128.0; 4128; 4096; 4096.0; 4096; 7.381694640293921E-5; 0.007466486668005002; 1.8410359265513065; 1.8267643302214511
34; 4128; 4128.0; 4128; 4096; 4096.0; 4096; 5.790504930655319E-5; 0.007521426638582495; 1.8682290610343961; 1.8537466652124241
35; 4128; 4128.0; 4128; 4096; 4096.0; 4096; 8.686235783731303E-5; 0.007452684648091931; 1.8342357995120036; 1.8200169173452438
36; 4128; 4128.0; 4128; 4096; 4096.0; 4096; 6.996279964215954E-5; 0.0075129652173939005; 1.8640280013190158; 1.8495781718514264
37; 4128; 4128.0; 4128; 4096; 4096.0; 4096; 8.202037748490055E-5; 0.007481490727410847; 1.8484425605271422; 1.8341135484300326
38; 4128; 4128.0; 4128; 4096; 4096.0; 4096; 9.437036746208143E-5; 0.007451594684638446; 1.8336993206766135; 1.8194845972605158
39; 4128; 4128.0; 4128; 4096; 4096.0; 4096; 1.1942432406667894E-4; 0.0074305810653514225; 1.8233717788083; 1.8092371138562977
40; 4128; 4128.0; 4128; 4096; 4096.0; 4096; 1.2607769290188362E-4; 0.007416508840575209; 1.816472022098073; 1.8023908436321965
42; 4128; 4128.0; 4128; 4096; 4096.0; 4096; 1.221595552293198E-4; 0.007451624677562251; 1.833714082111452; 1.8194992442656266
44; 4128; 4128.0; 4128; 4096; 4096.0; 4096; 1.012589348144927E-4; 0.0074802157849726165; 1.8478126173384195; 1.8334884885218425
46; 4128; 4128.0; 4128; 4096; 4096.0; 4096; 9.926026020353348E-5; 0.007507342262956355; 1.8612388436631073; 1.8468106355726954
48; 4128; 4128.0; 4128; 4096; 4096.0; 4096; 7.967695191430769E-5; 0.007531675254061035; 1.8733237875481499; 1.8588018977221952
50; 4128; 4128.0; 4128; 4096; 4096.0; 4096; 7.584201035790088E-5; 0.007572536913889491; 1.8937056448707197; 1.8790257561507917
52; 4128; 4128.0; 4128; 4096; 4096.0; 4096; 6.73025511267775E-5; 0.00760080793891001; 1.9078718184502959; 1.893082114431301
54; 4128; 4128.0; 4128; 4096; 4096.0; 4096; 4.2020648292960656E-5; 0.007647897659518147; 1.9315849422719351; 1.9166114155876564
56; 4128; 4128.0; 4128; 4096; 4096.0; 4096; 2.6882802149071E-5; 0.007655512722024636; 1.9354334412245648; 1.920430081215072
58; 4128; 4128.0; 4128; 4096; 4096.0; 4096; 1.1700435151126842E-5; 0.0076799259934373695; 1.9477972380526256; 1.932698034656869
60; 4128; 4128.0; 4128; 4096; 4096.0; 4096; 2.7656001993763177E-5; 0.00768726629925673; 1.9515223416534493; 1.9363942614855931
62; 4128; 4128.0; 4128; 4096; 4096.0; 4096; 5.739770442363732E-5; 0.007688329920116589; 1.952062409705532; 1.9369301429636283
65; 4128; 4128.0; 4128; 4096; 4096.0; 4096; 6.175705261147687E-5; 0.00767059232673193; 1.9430656708957497; 1.9280031463151623
68; 4128; 4128.0; 4128; 4096; 4096.0; 4096; 4.615716314718331E-5; 0.0076815045779708565; 1.948598047487732; 1.933492636266897
71; 4128; 4128.0; 4128; 4096; 4096.0; 4096; 5.296564283479207E-5; 0.00771496146875791; 1.96560930045698; 1.9503720190580884
74; 4128; 4128.0; 4128; 4096; 4096.0; 4096; 6.272142497930572E-5; 0.007682200796547403; 1.94895128860751; 1.933843139083421
77; 4128; 4128.0; 4128; 4096; 4096.0; 4096; 6.0009475698336774E-5; 0.007678597950758868; 1.9471236549458892; 1.9320296731246032
80; 4128; 4128.0; 4128; 4096; 4096.0; 4096; 1.0119581081553469E-4; 0.0077057165890501685; 1.9609013226107963; 1.9457005371642009
84; 4128; 4128.0; 4128; 4096; 4096.0; 4096; 1.3910602361984738E-4; 0.007670167711133461; 1.9428505550033783; 1.9277896979878482
88; 4128; 4128.0; 4128; 4096; 4096.0; 4096; 1.392104090058565E-4; 0.007677033372290173; 1.9463302503690638; 1.9312424189708541
92; 4128; 4128.0; 4128; 4096; 4096.0; 4096; 1.4515868089765496E-4; 0.007668441273762251; 1.9419760415792933; 1.9269219637375934
96; 4128; 4128.0; 4128; 4096; 4096.0; 4096; 1.3071484144029934E-4; 0.00768125000360403; 1.9484688918284363; 1.9333644818142626
100; 4128; 4128.0; 4128; 4096; 4096.0; 4096; 1.0638711717629651E-4; 0.007695982968030918; 1.9559505525515866; 1.9407881451674658
105; 4128; 4128.0; 4128; 4096; 4096.0; 4096; 1.2895671249815748E-4; 0.007637928794948706; 1.9265526680819585; 1.9116181512751218
110; 4128; 4128.0; 4128; 4096; 4096.0; 4096; 1.631536982048606E-4; 0.007669302650239697; 1.942412340527514; 1.9273548805234249
115; 4128; 4128.0; 4128; 4096; 4096.0; 4096; 1.0681640991002147E-4; 0.0076671110378345115; 1.9413023551939608; 1.926253499727341
120; 4128; 4128.0; 4128; 4096; 4096.0; 4096; 5.611420355096706E-5; 0.007702829210547835; 1.959432074815001; 1.9442426788862024
125; 4128; 4128.0; 4128; 4096; 4096.0; 4096; 2.4784804072807196E-5; 0.007691109992450962; 1.9534743823772915; 1.938331170110801
131; 4128; 4128.0; 4128; 4096; 4096.0; 4096; 1.8796555812846988E-5; 0.007709808487239204; 1.9629844355527244; 1.9477675019437883
137; 4128; 4128.0; 4128; 4096; 4096.0; 4096; -3.6490643845208447E-6; 0.007746840161330737; 1.98188689679147; 1.966523432475257
143; 4128; 4128.0; 4128; 4096; 4096.0; 4096; -2.008224725715406E-5; 0.007758834859435867; 1.988028894848932; 1.9726178181446767
150; 4128; 4128.0; 4128; 4096; 4096.0; 4096; 6.415111471740414E-5; 0.007755672827933892; 1.9864088245247546; 1.971010306505183
157; 4128; 4128.0; 4128; 4096; 4096.0; 4096; 6.871663798407805E-5; 0.007749210708721323; 1.9831000044679168; 1.9677271362162274
164; 4128; 4128.0; 4128; 4096; 4096.0; 4096; 5.6359008079146896E-5; 0.0077848912052416; 2.001404034301643; 1.985889274345816
172; 4128; 4128.0; 4128; 4096; 4096.0; 4096; 8.29501860472794E-5; 0.00781767710402303; 2.018297270798542; 2.0026515555210334
180; 4128; 4128.0; 4128; 4096; 4096.0; 4096; 1.0224876859248247E-4; 0.007742930690511481; 1.9798870687924053; 1.9645391070188207
188; 4128; 4128.0; 4128; 4096; 4096.0; 4096; 1.5099827411747116E-4; 0.007740643309401018; 1.9787174632436073; 1.9633785681797034
197; 4128; 4128.0; 4128; 4096; 4096.0; 4096; 1.292563902430151E-4; 0.0077371182025025905; 1.976915648577306; 1.9615907210689547
206; 4128; 4128.0; 4128; 4096; 4096.0; 4096; 1.0737901303909793E-4; 0.007749736151339786; 1.983368945557602; 1.9679939924912642
216; 4128; 4128.0; 4128; 4096; 4096.0; 4096; 5.4848792579430954E-5; 0.007762687550611452; 1.9900037179099967; 1.9745773324998417
226; 4128; 4128.0; 4128; 4096; 4096.0; 4096; 9.11769720902221E-5; 0.0077301798279782365; 1.9733715820292435; 1.9580741279049858
237; 4128; 4128.0; 4128; 4096; 4096.0; 4096; 4.8590210435317616E-5; 0.007756497509943682; 1.9868312876050864; 1.9714294946779154
248; 4128; 4128.0; 4128; 4096; 4096.0; 4096; 5.31264004516751E-5; 0.007754308594538925; 1.9857100619609318; 1.9703169607054205
260; 4128; 4128.0; 4128; 4096; 4096.0; 4096; 3.251885934974233E-5; 0.00777333938643455; 1.9954687674761253; 1.9800000173406513
273; 4128; 4128.0; 4128; 4096; 4096.0; 4096; 3.8885949035839225E-5; 0.007786733576911564; 2.0023514506026117; 1.9868293463343745
286; 4128; 4128.0; 4128; 4096; 4096.0; 4096; 3.896066888210286E-5; 0.007764176031418044; 1.9907669500526568; 1.9753346481142642
300; 4128; 4128.0; 4128; 4096; 4096.0; 4096; 6.624460333955538E-5; 0.0077306140272807395; 1.9735932743177917; 1.9582941016486615
314; 4128; 4128.0; 4128; 4096; 4096.0; 4096; 7.038225658726725E-5; 0.007720607649159128; 1.9684874083637312; 1.9532278160508338
329; 4128; 4128.0; 4128; 4096; 4096.0; 4096; 6.961517812404994E-5; 0.007693839047515738; 1.954860940362508; 1.939706979584504
345; 4128; 4128.0; 4128; 4096; 4096.0; 4096; 7.564640335594535E-5; 0.007729286984614835; 1.9729157556426709; 1.9576218350562933
362; 4128; 4128.0; 4128; 4096; 4096.0; 4096; 1.0743327619474012E-4; 0.007688248265218652; 1.9520209456653441; 1.936889000350109
380; 4128; 4128.0; 4128; 4096; 4096.0; 4096; 6.746410093272056E-5; 0.007715559259039487; 1.9659139209440626; 1.9506742781460467
398; 4128; 4128.0; 4128; 4096; 4096.0; 4096; 9.912806008729123E-5; 0.007704273649326819; 1.9601670112816114; 1.944971918170901
417; 4128; 4128.0; 4128; 4096; 4096.0; 4096; 1.1028789709669707E-4; 0.0077150328600724145; 1.9656456786246734; 1.9504081152244819
437; 4128; 4128.0; 4128; 4096; 4096.0; 4096; 1.2886202295265368E-4; 0.007717768496777033; 1.9670399036185293; 1.9517915322726493
458; 4128; 4128.0; 4128; 4096; 4096.0; 4096; 1.0801855913165E-4; 0.007726717086259674; 1.9716040304925537; 1.9563202783181928
480; 4128; 4128.0; 4128; 4096; 4096.0; 4096; 1.2685784766323617E-4; 0.007789601203601375; 2.003826537353751; 1.988292998304497
504; 4128; 4128.0; 4128; 4096; 4096.0; 4096; 5.958322418820934E-5; 0.0078029521603579545; 2.010701325253555; 1.9951144932748448
529; 4128; 4128.0; 4128; 4096; 4096.0; 4096; 4.843061422234162E-5; 0.007836364477504881; 2.027957877999295; 2.0122372742938737
555; 4128; 4128.0; 4128; 4096; 4096.0; 4096; 2.2238439823513113E-5; 0.007886112547870897; 2.053788025390489; 2.0378671879843613
582; 4128; 4128.0; 4128; 4096; 4096.0; 4096; -2.629563378292213E-6; 0.007884410954244686; 2.052901825614939; 2.036987857974513
611; 4128; 4128.0; 4128; 4096; 4096.0; 4096; 1.2135875491432627E-5; 0.007886102794556767; 2.0537829452633005; 2.0378621472380036
641; 4128; 4128.0; 4128; 4096; 4096.0; 4096; -4.933444203505937E-7; 0.007860561976829787; 2.0405012639524114; 2.0246834246969665
673; 4128; 4128.0; 4128; 4096; 4096.0; 4096; -2.6717231006538753E-5; 0.007875003686331745; 2.048005917364807; 2.032129902501514
706; 4128; 4128.0; 4128; 4096; 4096.0; 4096; -6.0787944839828534E-5; 0.007892174589308128; 2.0569467257619456; 2.0410014023064265
741; 4128; 4128.0; 4128; 4096; 4096.0; 4096; -7.927537078827975E-5; 0.007917657952185277; 2.0702516891562377; 2.0542032264496
778; 4128; 4128.0; 4128; 4096; 4096.0; 4096; -7.435656034438917E-5; 0.00793754450854282; 2.080664333936046; 2.064535153052821
816; 4128; 4128.0; 4128; 4096; 4096.0; 4096; -5.5369381687475955E-5; 0.007938185877233874; 2.0810005907905227; 2.0648688032650147
856; 4128; 4128.0; 4128; 4096; 4096.0; 4096; -7.038627640056787E-5; 0.007926942786517973; 2.075109998170645; 2.0590238741538185
898; 4128; 4128.0; 4128; 4096; 4096.0; 4096; -9.540629173537437E-5; 0.007907292100118438; 2.064834462208208; 2.0488279935089193
942; 4128; 4128.0; 4128; 4096; 4096.0; 4096; -5.1685365368077174E-5; 0.007910619057043784; 2.066572367019697; 2.0505524261900874
989; 4128; 4128.0; 4128; 4096; 4096.0; 4096; -6.539307600761625E-5; 0.007929046310437287; 2.0762114625803862; 2.0601168000797627
1038; 4128; 4128.0; 4128; 4096; 4096.0; 4096; -7.365285094322939E-5; 0.007921799588975773; 2.0724181058300606; 2.056352849195719
1089; 4128; 4128.0; 4128; 4096; 4096.0; 4096; -8.517549565038822E-5; 0.007897367570035693; 2.059654521645168; 2.043688207523888
1143; 4128; 4128.0; 4128; 4096; 4096.0; 4096; -1.2459532071934376E-4; 0.007906975631548224; 2.064669186377925; 2.048663998886623
1200; 4128; 4128.0; 4128; 4096; 4096.0; 4096; -1.3418669173826775E-4; 0.007903048983286882; 2.0626190430612237; 2.0466297481537725
1260; 4128; 4128.0; 4128; 4096; 4096.0; 4096; -1.7732392450467852E-4; 0.00791362849148771; 2.0681450371240713; 2.052112905053342
1323; 4128; 4128.0; 4128; 4096; 4096.0; 4096; -1.9123687332116586E-4; 0.00788880531578088; 2.0551908252231055; 2.0392591133996705
1389; 4128; 4128.0; 4128; 4096; 4096.0; 4096; -2.3790107958835478E-4; 0.00793275048502567; 2.0781517832294587; 2.0620420794834944
1458; 4128; 4128.0; 4128; 4096; 4096.0; 4096; -2.318534289986229E-4; 0.00795772144380013; 2.0912557169786927; 2.0750444323509507
1530; 4128; 4128.0; 4128; 4096; 4096.0; 4096; -2.1738453904172886E-4; 0.007988984919892073; 2.107719814779884; 2.0913809014870166
1606; 4128; 4128.0; 4128; 4096; 4096.0; 4096; -2.544622438642462E-4; 0.008014497558130338; 2.1212032187127687; 2.1047597829087934
1686; 4128; 4128.0; 4128; 4096; 4096.0; 4096; -2.1006507306545037E-4; 0.008020162758678307; 2.1242031045540006; 2.1077364138210237
1770; 4128; 4128.0; 4128; 4096; 4096.0; 4096; -1.529122171966729E-4; 0.00804699798406124; 2.138441926568359; 2.121864857370155
1858; 4128; 4128.0; 4128; 4096; 4096.0; 4096; -1.4648201124006457E-4; 0.00808595208801529; 2.1591956815074735; 2.142457730488036
1950; 4128; 4128.0; 4128; 4096; 4096.0; 4096; -1.0387946487722694E-4; 0.0080848376150257; 2.158600526006309; 2.1418671885954073
2047; 4128; 4128.0; 4128; 4096; 4096.0; 4096; -8.456254956958676E-5; 0.008097425031604216; 2.1653272797122862; 2.148541796923819
2149; 4128; 4128.0; 4128; 4096; 4096.0; 4096; -9.046090604890475E-5; 0.00810815486361132; 2.1710695968530445; 2.1542395999782147
2256; 4128; 4128.0; 4128; 4096; 4096.0; 4096; -7.75467706032896E-5; 0.008140578153943272; 2.18846787475946; 2.171503007513263
2368; 4128; 4128.0; 4128; 4096; 4096.0; 4096; -1.2666938852457361E-4; 0.008171295384123384; 2.205014734039783; 2.1879215965666066
2486; 4128; 4128.0; 4128; 4096; 4096.0; 4096; -7.965613221858124E-5; 0.008172996629268774; 2.2059329877409275; 2.188832732022006
2610; 4128; 4128.0; 4128; 4096; 4096.0; 4096; -8.353483999121068E-5; 0.008180170410914083; 2.209807166913449; 2.1926768787978412
2740; 4128; 4128.0; 4128; 4096; 4096.0; 4096; -8.264578425158326E-5; 0.008191233533078782; 2.2157884355463744; 2.1986117810072554
2877; 4128; 4128.0; 4128; 4096; 4096.0; 4096; -1.1156848872746385E-4; 0.008162159307230354; 2.2000867706373928; 2.1830318344309014
3020; 4128; 4128.0; 4128; 4096; 4096.0; 4096; -8.669575417092343E-5; 0.008198293460933127; 2.219609605538221; 2.202403329526297
3171; 4128; 4128.0; 4128; 4096; 4096.0; 4096; -8.616953501191271E-5; 0.00820430226714176; 2.22286445160728; 2.205632944230479
3329; 4128; 4128.0; 4128; 4096; 4096.0; 4096; -1.0448799573080695E-4; 0.008174154993066757; 2.2065583285087964; 2.1894532251870227
3495; 4128; 4128.0; 4128; 4096; 4096.0; 4096; -9.756635705944617E-5; 0.00820728720176634; 2.2244822155222543; 2.207238167339911
3669; 4128; 4128.0; 4128; 4096; 4096.0; 4096; -6.505191363130239E-5; 0.008188370281293657; 2.2142396452866406; 2.197074996873566
3852; 4128; 4128.0; 4128; 4096; 4096.0; 4096; -7.671139009404424E-5; 0.008256284908905507; 2.251121926173616; 2.2336713686063785
4044; 4128; 4128.0; 4128; 4096; 4096.0; 4096; -4.956663780128206E-5; 0.00825762085249685; 2.2518504899899434; 2.234394284641184
4246; 4128; 4128.0; 4128; 4096; 4096.0; 4096; -3.514734703078832E-5; 0.008276781077452965; 2.2623125876548515; 2.244775280773806
4458; 4128; 4128.0; 4128; 4096; 4096.0; 4096; -3.003590914211118E-5; 0.008248658920644162; 2.2469653106167815; 2.2295469748755665
4680; 4128; 4128.0; 4128; 4096; 4096.0; 4096; 1.0670312865515902E-5; 0.008255392373472255; 2.250635242997227; 2.2331884581677914
4913; 4128; 4128.0; 4128; 4096; 4096.0; 4096; -1.8488531744048408E-6; 0.008276026916425145; 2.2619003331224987; 2.244366222013022
5158; 4128; 4128.0; 4128; 4096; 4096.0; 4096; 3.902560003670944E-5; 0.008313337648836006; 2.2823409124860126; 2.2646483472729426
5415; 4128; 4128.0; 4128; 4096; 4096.0; 4096; 7.397552651041736E-5; 0.008372400782616751; 2.3148864608138866; 2.2969416045285076
5685; 4128; 4128.0; 4128; 4096; 4096.0; 4096; 6.8749558185248E-5; 0.008409143188136037; 2.335248870772771; 2.317146166348176
5969; 4128; 4128.0; 4128; 4096; 4096.0; 4096; 3.574959710417006E-5; 0.008458114070652676; 2.362526842508874; 2.344212680939038
6267; 4128; 4128.0; 4128; 4096; 4096.0; 4096; 4.790503417308604E-5; 0.008499000474247058; 2.3854228912387763; 2.366931240919096
6580; 4128; 4128.0; 4128; 4096; 4096.0; 4096; 3.408828806071691E-5; 0.008493482887172143; 2.3823266433419517; 2.363858994943952
6909; 4128; 4128.0; 4128; 4096; 4096.0; 4096; 3.325955404730504E-5; 0.008543685010863106; 2.410572136925504; 2.3918855312129033
7254; 4128; 4128.0; 4128; 4096; 4096.0; 4096; 2.0148604193198264E-5; 0.008495504820769662; 2.383461037722612; 2.3649845955697235
7616; 4128; 4128.0; 4128; 4096; 4096.0; 4096; -5.5999334790021315E-6; 0.008497846213445315; 2.384775000189523; 2.3662883722810775
7996; 4128; 4128.0; 4128; 4096; 4096.0; 4096; -4.3303875436055064E-5; 0.008541558947884168; 2.409372563088188; 2.390695256397582
8395; 4128; 4128.0; 4128; 4096; 4096.0; 4096; 2.1736626431139477E-6; 0.008590098229631835; 2.436833945528165; 2.417943759903916
8814; 4128; 4128.0; 4128; 4096; 4096.0; 4096; 2.9506624693659616E-5; 0.008629913117074768; 2.45947562308235; 2.4404099205778356
9254; 4128; 4128.0; 4128; 4096; 4096.0; 4096; 8.447258759632716E-5; 0.008684048132327857; 2.490428739438519; 2.4711230902955847
9716; 4128; 4128.0; 4128; 4096; 4096.0; 4096; 1.0999326187484923E-4; 0.008786676746228485; 2.549640648527334; 2.5298759923372
10201; 4128; 4128.0; 4128; 4096; 4096.0; 4096; 9.233296778962552E-5; 0.008835840402549226; 2.578252225252465; 2.558265773893919
10711; 4128; 4128.0; 4128; 4096; 4096.0; 4096; 6.635019954677482E-5; 0.008883422874852272; 2.606095629971167; 2.585893338265964
11246; 4128; 4128.0; 4128; 4096; 4096.0; 4096; 3.0129675293765116E-5; 0.008945387258863357; 2.642578934841216; 2.622093826819191
11808; 4128; 4128.0; 4128; 4096; 4096.0; 4096; 3.325629956401979E-5; 0.009023206277519142; 2.6887563384164475; 2.6679132660256224
12398; 4128; 4128.0; 4128; 4096; 4096.0; 4096; 2.166367043713484E-5; 0.00911225222045271; 2.7420864328344945; 2.7208299488590337
13017; 4128; 4128.0; 4128; 4096; 4096.0; 4096; 5.323741153767456E-6; 0.00916748180131994; 2.7754268704004277; 2.753911933420579
13667; 4128; 4128.0; 4128; 4096; 4096.0; 4096; 5.319406622976259E-5; 0.009193602032777646; 2.791265040764168; 2.7696273272698724
14350; 4128; 4128.0; 4128; 4096; 4096.0; 4096; 8.682142176968794E-5; 0.009251677903462707; 2.8266411980275694; 2.8047292507560377
15067; 4128; 4128.0; 4128; 4096; 4096.0; 4096; 5.788664943445936E-5; 0.00933356002849442; 2.8768970808091217; 2.854595553050911
15820; 4128; 4128.0; 4128; 4096; 4096.0; 4096; 1.9201018167706117E-5; 0.009406397807558866; 2.921974078236728; 2.8993231163899313
16610; 4128; 4128.0; 4128; 4096; 4096.0; 4096; -6.675808602290142E-6; 0.009465339891299166; 2.958707979330225; 2.935772258560223
17440; 4128; 4128.0; 4128; 4096; 4096.0; 4096; -2.2880651152185857E-6; 0.009600080800853254; 3.043543072869261; 3.0199497157152355
18311; 4128; 4128.0; 4128; 4096; 4096.0; 4096; -5.902768930755318E-5; 0.009662877059816558; 3.0834902800470143; 3.0595872546202934
19226; 4128; 4128.0; 4128; 4096; 4096.0; 4096; -6.30202177628037E-5; 0.009720810939205635; 3.120575315388317; 3.096384809067477
20187; 4128; 4128.0; 4128; 4096; 4096.0; 4096; -4.225059215475179E-5; 0.009758263198556771; 3.1446674903418; 3.1202902229748095
21196; 4128; 4128.0; 4128; 4096; 4096.0; 4096; -1.384565454925007E-5; 0.009868816575398731; 3.2163242847369093; 3.1913915383436002
22255; 4128; 4128.0; 4128; 4096; 4096.0; 4096; -3.919979578784008E-5; 0.009928034014941226; 3.2550389408860334; 3.2298060808791647
23367; 4128; 4128.0; 4128; 4096; 4096.0; 4096; -5.383371931568424E-5; 0.00998540278842831; 3.292765870408343; 3.267240553583472
24535; 4128; 4128.0; 4128; 4096; 4096.0; 4096; -5.4148124755374255E-5; 0.01005160965393238; 3.336575105515119; 3.3107101822165523
25761; 4128; 4128.0; 4128; 4096; 4096.0; 4096; -3.255962060878828E-5; 0.010118617113751201; 3.381208879620129; 3.3549979580726865
27049; 4128; 4128.0; 4128; 4096; 4096.0; 4096; -5.120404721690399E-5; 0.010218215372279026; 3.4480994242206835; 3.421369971319748
28401; 4128; 4128.0; 4128; 4096; 4096.0; 4096; -8.343867606462984E-5; 0.010263088165509169; 3.478450240358107; 3.451485509812695
29821; 4128; 4128.0; 4128; 4096; 4096.0; 4096; -9.30058243707615E-5; 0.010408087413926317; 3.5774332381325196; 3.549701197526841
31312; 4128; 4128.0; 4128; 4096; 4096.0; 4096; -7.92524530219447E-5; 0.010454329668410244; 3.609292323133065; 3.58131331287622
32877; 4128; 4128.0; 4128; 4096; 4096.0; 4096; -5.1586451504956636E-5; 0.010512797092429253; 3.649776242982393; 3.6214834038895063
34520; 4128; 4128.0; 4128; 4096; 4096.0; 4096; -6.556892794749897E-5; 0.01060227545056937; 3.7121698739551303; 3.683393363304315
36245; 4128; 4128.0; 4128; 4096; 4096.0; 4096; -1.0152743049135242E-4; 0.010631401158856808; 3.732593430392295; 3.7036585975985563
38057; 4128; 4128.0; 4128; 4096; 4096.0; 4096; -1.3503382108854677E-4; 0.010721339448484512; 3.7960136766674677; 3.766587214057642
39959; 4128; 4128.0; 4128; 4096; 4096.0; 4096; -1.421977697511802E-4; 0.010878000245507183; 3.9077592896055835; 3.8774665819342227
41956; 4128; 4128.0; 4128; 4096; 4096.0; 4096; -1.0525600216040397E-4; 0.01095521955717499; 3.9634359770681113; 3.9327116671683586
44053; 4128; 4128.0; 4128; 4096; 4096.0; 4096; -1.0310253408053098E-4; 0.010939210375703987; 3.9518606720164757; 3.921226093163635
46255; 4128; 4128.0; 4128; 4096; 4096.0; 4096; -1.040680030702383E-4; 0.011007704519810863; 4.001503509661419; 3.9704841026097806
48567; 4128; 4128.0; 4128; 4096; 4096.0; 4096; -1.0439929949725427E-4; 0.011102015396897593; 4.0703647277083395; 4.038811512764864
50995; 4128; 4128.0; 4128; 4096; 4096.0; 4096; -1.481841531128053E-4; 0.011134278156345332; 4.09405628367618; 4.062319413260084
53544; 4128; 4128.0; 4128; 4096; 4096.0; 4096; -1.7562081638440238E-4; 0.011171111280734758; 4.121188048590377; 4.089240854415257
56221; 4128; 4128.0; 4128; 4096; 4096.0; 4096; -2.620885212125529E-4; 0.011219085910945097; 4.156661155674756; 4.124438976173402
59032; 4128; 4128.0; 4128; 4096; 4096.0; 4096; -2.5990979296552436E-4; 0.01123309161897304; 4.167045837903684; 4.134743156989702
61983; 4128; 4128.0; 4128; 4096; 4096.0; 4096; -2.4401789982410446E-4; 0.011261016950043008; 4.187790042788126; 4.155326554084342
65082; 4128; 4128.0; 4128; 4096; 4096.0; 4096; -3.1015160122799403E-4; 0.011220347761458001; 4.157596237199147; 4.125366809003805
68336; 4128; 4128.0; 4128; 4096; 4096.0; 4096; -2.9520514721771604E-4; 0.011206703942737265; 4.1474912027036215; 4.11534010810902
71752; 4128; 4128.0; 4128; 4096; 4096.0; 4096; -3.2868735279148047E-4; 0.011234251690902378; 4.167906566665226; 4.135597213435263
75339; 4128; 4128.0; 4128; 4096; 4096.0; 4096; -3.363353359867729E-4; 0.01137857662119947; 4.275683523650924; 4.242538690134251
79105; 4128; 4128.0; 4128; 4096; 4096.0; 4096; -2.937160383478051E-4; 0.011385560329048253; 4.280933615827267; 4.247748083921629
83060; 4128; 4128.0; 4128; 4096; 4096.0; 4096; -2.9144389444928217E-4; 0.011454813922309692; 4.333170252114291; 4.299579785043638
87213; 4128; 4128.0; 4128; 4096; 4096.0; 4096; -1.9494792063779904E-4; 0.011454635260311452; 4.333035083298146; 4.299445664047773
91573; 4128; 4128.0; 4128; 4096; 4096.0; 4096; -1.21451313768768E-4; 0.011463929187524955; 4.340069309885354; 4.306425361746708
96151; 4128; 4128.0; 4128; 4096; 4096.0; 4096; -1.8228418823280302E-4; 0.011435999016364506; 4.318947195339622; 4.285466984523037
100958; 4128; 4128.0; 4128; 4096; 4096.0; 4096; -1.496540758760246E-4; 0.011462307741143849; 4.33884168680871; 4.305207255128022
106005; 4128; 4128.0; 4128; 4096; 4096.0; 4096; -1.3351452607190828E-4; 0.011499772407852655; 4.367251133639883; 4.333396473689186
111305; 4128; 4128.0; 4128; 4096; 4096.0; 4096; -1.0885747352840311E-4; 0.011487815921965; 4.358174461631201; 4.324390163479021
116870; 4128; 4128.0; 4128; 4096; 4096.0; 4096; -5.0472661115002E-5; 0.011572955751959003; 4.423013458930515; 4.388726532892294
122713; 4128; 4128.0; 4128; 4096; 4096.0; 4096; -3.993547763056574E-5; 0.011597329505873439; 4.4416636582775135; 4.407232157050556
128848; 4128; 4128.0; 4128; 4096; 4096.0; 4096; -5.5643212133350554E-5; 0.011571108558669982; 4.421601631403985; 4.387325649765194
135290; 4128; 4128.0; 4128; 4096; 4096.0; 4096; -6.136423458292834E-5; 0.01162034853261795; 4.459313280644502; 4.424744960639506
142054; 4128; 4128.0; 4128; 4096; 4096.0; 4096; -7.356026536561674E-5; 0.011629583502595152; 4.466403943745152; 4.43178065735953
149156; 4128; 4128.0; 4128; 4096; 4096.0; 4096; -4.606476699127935E-5; 0.011618846703420126; 4.458160700049254; 4.423601314777554
156613; 4128; 4128.0; 4128; 4096; 4096.0; 4096; -1.3045006257732968E-4; 0.011620303133455764; 4.459278436820183; 4.424710386922352
164443; 4128; 4128.0; 4128; 4096; 4096.0; 4096; -1.2809399237493168E-4; 0.011567496748474817; 4.418841741401813; 4.3845871542591635
172665; 4128; 4128.0; 4128; 4096; 4096.0; 4096; -1.6214572865810265E-4; 0.011586012922659534; 4.4329996063437695; 4.398635268310096
181298; 4128; 4128.0; 4128; 4096; 4096.0; 4096; -1.1546078569700717E-4; 0.011620283751131855; 4.4592635609419915; 4.4246956263610455
190362; 4128; 4128.0; 4128; 4096; 4096.0; 4096; -5.7527725668426967E-5; 0.011598767956915055; 4.4427655519407026; 4.408325508902403
199880; 4128; 4128.0; 4128; 4096; 4096.0; 4096; -1.040465097312008E-4; 0.011593176530035778; 4.438483129676246; 4.404076283709764
209874; 4128; 4128.0; 4128; 4096; 4096.0; 4096; -5.757861004835758E-5; 0.011638583546718392; 4.473319649187529; 4.4386427526822
220367; 4128; 4128.0; 4128; 4096; 4096.0; 4096; -8.417173442862766E-5; 0.011649703240375824; 4.481871498485291; 4.447128308574552
231385; 4128; 4128.0; 4128; 4096; 4096.0; 4096; -6.793730262974819E-5; 0.011660206971302258; 4.489957128487717; 4.4551512592746345
242954; 4128; 4128.0; 4128; 4096; 4096.0; 4096; -1.2279986818692647E-5; 0.011661624988586198; 4.491049257292781; 4.456234921964931
255101; 4128; 4128.0; 4128; 4096; 4096.0; 4096; -2.2550456227646E-5; 0.011656612535941335; 4.487189360610648; 4.4524049469625036
267856; 4128; 4128.0; 4128; 4096; 4096.0; 4096; -6.258879119236353E-5; 0.011662293179075153; 4.4915639303978665; 4.456745605356023
281248; 4128; 4128.0; 4128; 4096; 4096.0; 4096; -1.1610312860619791E-4; 0.011664585430886335; 4.493329759335297; 4.458497745697039
295310; 4128; 4128.0; 4128; 4096; 4096.0; 4096; -6.386532156592935E-5; 0.011695112453078242; 4.5168792403017735; 4.481864672547497
310075; 4128; 4128.0; 4128; 4096; 4096.0; 4096; -5.616589006254971E-6; 0.011745891524687928; 4.556188117646312; 4.520868829912619
325578; 4128; 4128.0; 4128; 4096; 4096.0; 4096; -2.6867839897022515E-5; 0.011736289243964252; 4.548741783838934; 4.513480219623128
341856; 4128; 4128.0; 4128; 4096; 4096.0; 4096; 2.7451865343686487E-6; 0.011745398178085642; 4.555805391019341; 4.5204890701587255
358948; 4128; 4128.0; 4128; 4096; 4096.0; 4096; 1.8226521704413483E-5; 0.01178437117424986; 4.5860892447875425; 4.550538165370585
376895; 4128; 4128.0; 4128; 4096; 4096.0; 4096; -2.2922742206665304E-5; 0.011787392599419015; 4.5884412246466875; 4.552871912827721
395739; 4128; 4128.0; 4128; 4096; 4096.0; 4096; -8.312602474844491E-5; 0.011822208825315966; 4.615586860725722; 4.579807117619322
415525; 4128; 4128.0; 4128; 4096; 4096.0; 4096; -4.228367041139839E-6; 0.011766344625837664; 4.5720692979618; 4.536626900303181
436301; 4128; 4128.0; 4128; 4096; 4096.0; 4096; 2.0263047652529243E-5; 0.011778142535534542; 4.581242563781243; 4.545729055534877
458116; 4128; 4128.0; 4128; 4096; 4096.0; 4096; 2.8537506313458517E-5; 0.011758895920044714; 4.566282416726862; 4.5308848786127
481021; 4128; 4128.0; 4128; 4096; 4096.0; 4096; -9.632799071900958E-6; 0.011791946308962286; 4.59198712580991; 4.556390326385026
505072; 4128; 4128.0; 4128; 4096; 4096.0; 4096; -1.3664689844621251E-5; 0.011834468931547697; 4.6251649231457375; 4.589310931493444
530325; 4128; 4128.0; 4128; 4096; 4096.0; 4096; -4.0854626653419896E-5; 0.011864561396765979; 4.648716393153075; 4.612679831965842
556841; 4128; 4128.0; 4128; 4096; 4096.0; 4096; 1.9093799504120275E-5; 0.01183947945646871; 4.629082193975975; 4.593197835883139
584683; 4128; 4128.0; 4128; 4096; 4096.0; 4096; 6.399111022445507E-5; 0.011870983881640136; 4.653750610698912; 4.617675024569464
613917; 4128; 4128.0; 4128; 4096; 4096.0; 4096; 9.32894364478568E-5; 0.011872106874786724; 4.654631140449334; 4.618548728507866
644612; 4128; 4128.0; 4128; 4096; 4096.0; 4096; 1.8053699643486178E-4; 0.011877477634310985; 4.658843460866288; 4.622728395278178
676842; 4128; 4128.0; 4128; 4096; 4096.0; 4096; 9.671824010927445E-5; 0.011890082022202566; 4.668736643537126; 4.632544886610481
710684; 4128; 4128.0; 4128; 4096; 4096.0; 4096; 1.5862615190905265E-4; 0.011927317655513458; 4.698024174787194; 4.66160538273458
746218; 4128; 4128.0; 4128; 4096; 4096.0; 4096; 8.861010895579645E-5; 0.011917510372912506; 4.69030141440347; 4.6539424887104195
783528; 4128; 4128.0; 4128; 4096; 4096.0; 4096; 6.356110996689193E-5; 0.011868320669721764; 4.6516627409908455; 4.615603339897893
822704; 4128; 4128.0; 4128; 4096; 4096.0; 4096; -4.935118825839884E-6; 0.011877783786455001; 4.659083635310785; 4.622966707905275
863839; 4128; 4128.0; 4128; 4096; 4096.0; 4096; 9.211560602887486E-7; 0.011884049961251005; 4.664000770333387; 4.62784572560212
907030; 4128; 4128.0; 4128; 4096; 4096.0; 4096; -7.544608993062509E-5; 0.011923102535713402; 4.694704193523318; 4.658311137759571
952381; 4128; 4128.0; 4128; 4096; 4096.0; 4096; -1.6231446966618514E-4; 0.011817340011527434; 4.6117859118843105; 4.576035633497611
1000000; 4128; 4128.0; 4128; 4096; 4096.0; 4096; -8.761911076532668E-5; 0.011860105136991579; 4.645224987648954; 4.609215491620668
