p = 12; number of cycles = 10000; data structure = Hash4j HyperLogLog CR
true distinct count; minimum memory size; average memory size; maximum memory size; minimum serialization size; average serialization size; maximum serialization size; relative distinct count estimation bias; relative distinct count estimation rmse; estimated memory MVP; estimated serialization MVP
1; 3112; 3112.0; 3112; 3072; 3072.0; 3072; -1.477520269212131E-4; 1.477520276495381E-4; 5.434961530495937E-4; 5.365103413137378E-4
2; 3112; 3112.0; 3112; 3072; 3072.0; 3072; -2.7567081252836625E-4; 0.011182021072737948; 3.1129359718706877; 3.0729239413839182
3; 3112; 3112.0; 3112; 3072; 3072.0; 3072; -2.623890722952998E-4; 0.011056474917564209; 3.043427393757479; 3.004308789724606
4; 3112; 3112.0; 3112; 3072; 3072.0; 3072; -1.81541276615304E-4; 0.009999254084004913; 2.489228607359629; 2.4572333810439524
5; 3112; 3112.0; 3112; 3072; 3072.0; 3072; -6.355708166162863E-5; 0.009164067800359737; 2.0907695318201958; 2.063895887452327
6; 3112; 3112.0; 3112; 3072; 3072.0; 3072; -1.2959413338013042E-4; 0.009993222446186086; 2.486226464008604; 2.454269825653737
7; 3112; 3112.0; 3112; 3072; 3072.0; 3072; -1.184555235576016E-4; 0.009988643653571699; 2.483948658738998; 2.4520212980868257
8; 3112; 3112.0; 3112; 3072; 3072.0; 3072; -8.092587153742635E-5; 0.009906270303532132; 2.4431488272680943; 2.4117458860435685
9; 3112; 3112.0; 3112; 3072; 3072.0; 3072; -6.155056657728198E-5; 0.009978511159706873; 2.478911772873568; 2.447049153684962
10; 3112; 3112.0; 3112; 3072; 3072.0; 3072; -1.1376255104018848E-4; 0.010358604821047935; 2.67135807380672; 2.6370218517783557
11; 3112; 3112.0; 3112; 3072; 3072.0; 3072; -2.0451091685474087E-4; 0.010782523319956204; 2.894478896483863; 2.857274797557335
12; 3112; 3112.0; 3112; 3072; 3072.0; 3072; -1.8141181457247276E-4; 0.010675211426862974; 2.8371516207487906; 2.800684376266158
13; 3112; 3112.0; 3112; 3072; 3072.0; 3072; -2.370376390956618E-4; 0.010908379720233865; 2.962443457215672; 2.924365777817013
14; 3112; 3112.0; 3112; 3072; 3072.0; 3072; -2.0099483524983584E-4; 0.010766094462428303; 2.885665235190945; 2.8485744223992877
15; 3112; 3112.0; 3112; 3072; 3072.0; 3072; -1.9692135041627127E-4; 0.010788364778233268; 2.8976159279884284; 2.8603715073201967
16; 3112; 3112.0; 3112; 3072; 3072.0; 3072; -1.3722116416608695E-4; 0.010618189074351869; 2.8069229027883913; 2.770844202238412
17; 3112; 3112.0; 3112; 3072; 3072.0; 3072; -1.9203133682073946E-4; 0.010800608530582512; 2.9041966887306807; 2.8668676824487953
18; 3112; 3112.0; 3112; 3072; 3072.0; 3072; -2.2653560063005257E-4; 0.010960208841760164; 2.990661323878022; 2.9522209469644225
19; 3112; 3112.0; 3112; 3072; 3072.0; 3072; -2.1344349885609506E-4; 0.010954904846861712; 2.9877674713136604; 2.9493642904484463
20; 3112; 3112.0; 3112; 3072; 3072.0; 3072; -1.7580714854242903E-4; 0.01088731939197449; 2.9510155813231376; 2.913084789789421
21; 3112; 3112.0; 3112; 3072; 3072.0; 3072; -2.27591508809318E-4; 0.010972518799968639; 2.997383018834801; 2.9588562448137887
22; 3112; 3112.0; 3112; 3072; 3072.0; 3072; -2.8815723658004113E-4; 0.011131011313254816; 3.0845997824581635; 3.0449519703443055
23; 3112; 3112.0; 3112; 3072; 3072.0; 3072; -3.0365451101985885E-4; 0.011147245020444773; 3.093603637205003; 3.053840094310337
24; 3112; 3112.0; 3112; 3072; 3072.0; 3072; -3.0859929848959123E-4; 0.011104980034217699; 3.0701891985270646; 3.0307266124277445
25; 3112; 3112.0; 3112; 3072; 3072.0; 3072; -2.755882373421819E-4; 0.011017030277804844; 3.021750908112942; 2.9829109221474797
26; 3112; 3112.0; 3112; 3072; 3072.0; 3072; -2.3559841333445813E-4; 0.010935505302297695; 2.9771950366880007; 2.9389277482986946
27; 3112; 3112.0; 3112; 3072; 3072.0; 3072; -2.2999450335094864E-4; 0.010943900821314233; 2.9817681572896357; 2.9434420884298715
28; 3112; 3112.0; 3112; 3072; 3072.0; 3072; -2.656250413221559E-4; 0.010989138252495754; 3.006469827720259; 2.96782625666987
29; 3112; 3112.0; 3112; 3072; 3072.0; 3072; -2.235520895099061E-4; 0.010957614923817164; 2.989245910685376; 2.9508237267434048
30; 3112; 3112.0; 3112; 3072; 3072.0; 3072; -1.819128975145888E-4; 0.010933353231815627; 2.976023348150599; 2.93777112002527
31; 3112; 3112.0; 3112; 3072; 3072.0; 3072; -1.8620444594632545E-4; 0.010977356914347529; 3.0000268746825403; 2.961466117938549
32; 3112; 3112.0; 3112; 3072; 3072.0; 3072; -1.8187612656636032E-4; 0.010946175325397526; 2.9830077059160884; 2.944665704554699
33; 3112; 3112.0; 3112; 3072; 3072.0; 3072; -1.8816093837455058E-4; 0.011016569623098531; 3.0214982166633333; 2.982661478659949
34; 3112; 3112.0; 3112; 3072; 3072.0; 3072; -2.1322918813522536E-4; 0.011042759481596456; 3.035881400364998; 2.996859788535114
35; 3112; 3112.0; 3112; 3072; 3072.0; 3072; -1.7787516798673203E-4; 0.010987233276080432; 3.0054275698886763; 2.9667973954685136
36; 3112; 3112.0; 3112; 3072; 3072.0; 3072; -1.9932962021252035E-4; 0.011023578460478238; 3.025344046522265; 2.986457876258483
37; 3112; 3112.0; 3112; 3072; 3072.0; 3072; -1.8319433414599944E-4; 0.010996531692618682; 3.0105166659054334; 2.971821078940068
38; 3112; 3112.0; 3112; 3072; 3072.0; 3072; -1.936187569527771E-4; 0.011018033000189905; 3.022300986507744; 2.983453930125896
39; 3112; 3112.0; 3112; 3072; 3072.0; 3072; -1.432760266405366E-4; 0.010958864999601347; 2.989927992890919; 2.9514970418254833
40; 3112; 3112.0; 3112; 3072; 3072.0; 3072; -1.1247474093001887E-4; 0.010923626281090976; 2.970730414666127; 2.9325462191048657
42; 3112; 3112.0; 3112; 3072; 3072.0; 3072; -9.927388046696431E-5; 0.010920710017013535; 2.9691444435358214; 2.9309806332075974
44; 3112; 3112.0; 3112; 3072; 3072.0; 3072; -1.4715575755650735E-4; 0.010949485290143493; 2.984812015252335; 2.946446822254233
46; 3112; 3112.0; 3112; 3072; 3072.0; 3072; -1.5349609330254934E-4; 0.01093974035138127; 2.9795014703196037; 2.9412045362537986
48; 3112; 3112.0; 3112; 3072; 3072.0; 3072; -2.0094923299445366E-4; 0.010973892040971009; 2.9981333272933752; 2.9595969092047714
50; 3112; 3112.0; 3112; 3072; 3072.0; 3072; -2.1331593302487917E-4; 0.010992098973630578; 3.008090067208266; 2.9694256704575177
52; 3112; 3112.0; 3112; 3072; 3072.0; 3072; -2.467038244948697E-4; 0.011023154532241704; 3.025111362714486; 2.986228183245148
54; 3112; 3112.0; 3112; 3072; 3072.0; 3072; -2.3281423924219246E-4; 0.011034922869513455; 3.031574038038222; 2.9926077907626665
56; 3112; 3112.0; 3112; 3072; 3072.0; 3072; -2.215956365661572E-4; 0.011050238954804845; 3.0399953147375003; 3.0009208248308483
58; 3112; 3112.0; 3112; 3072; 3072.0; 3072; -2.4235602999001795E-4; 0.011065470585824794; 3.048381739658124; 3.0091994550866827
60; 3112; 3112.0; 3112; 3072; 3072.0; 3072; -2.597800598187016E-4; 0.011101548266699136; 3.068291933058809; 3.028853733405097
62; 3112; 3112.0; 3112; 3072; 3072.0; 3072; -1.9891745032455567E-4; 0.011069772785481614; 3.0507525916244274; 3.0115398333773267
65; 3112; 3112.0; 3112; 3072; 3072.0; 3072; -1.7488551096026244E-4; 0.011080462341750016; 3.0566473715199844; 3.017358844893763
68; 3112; 3112.0; 3112; 3072; 3072.0; 3072; -1.9139319400176936E-4; 0.011066636733594063; 3.04902428817963; 3.0098337446297636
71; 3112; 3112.0; 3112; 3072; 3072.0; 3072; -2.0235875067236197E-4; 0.011059720143010068; 3.045214230439828; 3.006072659354483
74; 3112; 3112.0; 3112; 3072; 3072.0; 3072; -1.8296763906862452E-4; 0.011051038476000606; 3.040435238005749; 3.001355093558374
77; 3112; 3112.0; 3112; 3072; 3072.0; 3072; -1.8736313766823365E-4; 0.011070394719603185; 3.0510954027136794; 3.0118782381543774
80; 3112; 3112.0; 3112; 3072; 3072.0; 3072; -1.3172403894821827E-4; 0.011106197179833148; 3.070862242890421; 3.031391005835274
84; 3112; 3112.0; 3112; 3072; 3072.0; 3072; -7.187728641870523E-5; 0.011075159854770075; 3.0537225919736626; 3.014471658914875
88; 3112; 3112.0; 3112; 3072; 3072.0; 3072; -4.308815500683256E-5; 0.011088988507459553; 3.0613532236879193; 3.022004210529977
92; 3112; 3112.0; 3112; 3072; 3072.0; 3072; -7.901170275224748E-6; 0.011073429862525366; 3.0527686547190056; 3.0135299830645197
96; 3112; 3112.0; 3112; 3072; 3072.0; 3072; 2.697521933576241E-5; 0.011048067302978727; 3.038800560001051; 2.999741426839084
100; 3112; 3112.0; 3112; 3072; 3072.0; 3072; 1.580125732929247E-6; 0.011047241588739418; 3.038346347140469; 2.9992930521900774
105; 3112; 3112.0; 3112; 3072; 3072.0; 3072; 3.586752488200302E-5; 0.010978271308185213; 3.00052668904779; 2.961959507954631
110; 3112; 3112.0; 3112; 3072; 3072.0; 3072; 4.427044857054285E-5; 0.010937765820014381; 2.9784260173389905; 2.9401429065762787
115; 3112; 3112.0; 3112; 3072; 3072.0; 3072; 3.530805591120379E-6; 0.010939173732237142; 2.979192834319494; 2.9408998672973925
120; 3112; 3112.0; 3112; 3072; 3072.0; 3072; -5.185133933841072E-5; 0.011029612240563784; 3.0286568104274325; 2.9897280596507305
125; 3112; 3112.0; 3112; 3072; 3072.0; 3072; -6.258564751072868E-5; 0.01101090835077659; 3.0183935970482847; 2.97959676418134
131; 3112; 3112.0; 3112; 3072; 3072.0; 3072; -8.427386668981308E-5; 0.011026094963335155; 3.026725477417512; 2.987821550972557
137; 3112; 3112.0; 3112; 3072; 3072.0; 3072; -9.024212574876417E-5; 0.011039892557602427; 3.0343052524060616; 2.995303899547372
143; 3112; 3112.0; 3112; 3072; 3072.0; 3072; -9.546988170431556E-5; 0.011094063127478078; 3.0641557802973636; 3.0247707445608936
150; 3112; 3112.0; 3112; 3072; 3072.0; 3072; 1.53224559072886E-5; 0.011117163067138947; 3.0769293698091746; 3.03738014911754
157; 3112; 3112.0; 3112; 3072; 3072.0; 3072; 1.985671384685737E-5; 0.011095939676360734; 3.0651924652965596; 3.0257941045601
164; 3112; 3112.0; 3112; 3072; 3072.0; 3072; 1.530345158299991E-5; 0.011182300626912535; 3.1130916226459044; 3.0730775915064967
172; 3112; 3112.0; 3112; 3072; 3072.0; 3072; 3.52657751006162E-5; 0.011218620996341827; 3.133347250954848; 3.093072864695788
180; 3112; 3112.0; 3112; 3072; 3072.0; 3072; 5.424899561074798E-5; 0.011161548549236034; 3.1015478131580614; 3.0616821600326367
188; 3112; 3112.0; 3112; 3072; 3072.0; 3072; 1.0650706010136586E-4; 0.01120557127414313; 3.126061947429233; 3.085881202603664
197; 3112; 3112.0; 3112; 3072; 3072.0; 3072; 4.398782294933426E-5; 0.011216143679202624; 3.131963580393543; 3.091706979103138
206; 3112; 3112.0; 3112; 3072; 3072.0; 3072; -9.438990368094323E-6; 0.011204759779142582; 3.125609191969621; 3.085434266622968
216; 3112; 3112.0; 3112; 3072; 3072.0; 3072; -6.118834294729565E-5; 0.011197656445463682; 3.1216474457393133; 3.0815234425807096
226; 3112; 3112.0; 3112; 3072; 3072.0; 3072; -3.669433884121853E-5; 0.011199728448622054; 3.1228028056702755; 3.082663952126956
237; 3112; 3112.0; 3112; 3072; 3072.0; 3072; -8.307619304008972E-5; 0.01120278469734878; 3.124507376341383; 3.0843466131493344
248; 3112; 3112.0; 3112; 3072; 3072.0; 3072; -3.9069523402764626E-5; 0.011149987082112164; 3.0951257882408516; 3.0553426804228456
260; 3112; 3112.0; 3112; 3072; 3072.0; 3072; -5.284183336155467E-5; 0.011231699237450082; 3.1406569829663225; 3.1002886412829507
273; 3112; 3112.0; 3112; 3072; 3072.0; 3072; -4.4450401502573E-5; 0.011259595452981627; 3.156277281184573; 3.115708164459836
286; 3112; 3112.0; 3112; 3072; 3072.0; 3072; -3.361295548282751E-5; 0.011282755084530674; 3.169274798958629; 3.1285386190234283
300; 3112; 3112.0; 3112; 3072; 3072.0; 3072; 8.913746088312942E-6; 0.011257852403830825; 3.1553001376233576; 3.1147435805844967
314; 3112; 3112.0; 3112; 3072; 3072.0; 3072; 5.8520758146260224E-5; 0.01119516214637772; 3.120256894921912; 3.0801507651671316
329; 3112; 3112.0; 3112; 3072; 3072.0; 3072; -4.256030482345072E-6; 0.011168226567633523; 3.105260271044618; 3.0653468999515
345; 3112; 3112.0; 3112; 3072; 3072.0; 3072; -7.995556167793703E-6; 0.011220567912337083; 3.1344348878795762; 3.094146521711458
362; 3112; 3112.0; 3112; 3072; 3072.0; 3072; -7.64891436952633E-6; 0.01115278947098587; 3.096681814452983; 3.0568787062980602
380; 3112; 3112.0; 3112; 3072; 3072.0; 3072; -4.0215522353263034E-5; 0.011156352745167169; 3.098660886881218; 3.058832340777346
398; 3112; 3112.0; 3112; 3072; 3072.0; 3072; -3.321575384713754E-5; 0.011137517966317604; 3.08820705338038; 3.048512875316365
417; 3112; 3112.0; 3112; 3072; 3072.0; 3072; 2.3093297965950728E-5; 0.011110955965139934; 3.0734944138662024; 3.0339893442792336
437; 3112; 3112.0; 3112; 3072; 3072.0; 3072; 3.944486867907571E-5; 0.011151691149590541; 3.096071924984831; 3.056276656026157
458; 3112; 3112.0; 3112; 3072; 3072.0; 3072; 1.348040262597437E-6; 0.011109773589852477; 3.0728403152459403; 3.0333436530962494
480; 3112; 3112.0; 3112; 3072; 3072.0; 3072; 1.9950182177510836E-5; 0.011116246302932729; 3.0764219197724225; 3.036879221574834
504; 3112; 3112.0; 3112; 3072; 3072.0; 3072; -3.5378929030702553E-6; 0.011141867519189271; 3.090619609350345; 3.050894421569492
529; 3112; 3112.0; 3112; 3072; 3072.0; 3072; -3.353958908062659E-5; 0.011133927887822904; 3.0862164628590456; 3.0465478707914486
555; 3112; 3112.0; 3112; 3072; 3072.0; 3072; -1.396025303047487E-4; 0.011214586475169434; 3.131093982446188; 3.090848558507291
582; 3112; 3112.0; 3112; 3072; 3072.0; 3072; -1.756914851008826E-4; 0.011262338398712178; 3.1578152674921305; 3.1172263823058564
611; 3112; 3112.0; 3112; 3072; 3072.0; 3072; -1.5501198721521413E-4; 0.011235208682383535; 3.142619942347442; 3.102226369823696
641; 3112; 3112.0; 3112; 3072; 3072.0; 3072; -1.4908075180348503E-4; 0.011272548255770782; 3.163543288672439; 3.1228807785352615
673; 3112; 3112.0; 3112; 3072; 3072.0; 3072; -1.6574281795502232E-4; 0.011348758189496592; 3.2064632025975075; 3.1652490226155345
706; 3112; 3112.0; 3112; 3072; 3072.0; 3072; -1.6901068290631134E-4; 0.01138129474190122; 3.2248752275704966; 3.183424389169848
741; 3112; 3112.0; 3112; 3072; 3072.0; 3072; -2.460608077737987E-4; 0.011392326151822353; 3.2311297288418404; 3.1895984983940022
778; 3112; 3112.0; 3112; 3072; 3072.0; 3072; -2.4431787925276784E-4; 0.011413106740724101; 3.242928200309631; 3.201245318557579
816; 3112; 3112.0; 3112; 3072; 3072.0; 3072; -1.793824230349253E-4; 0.011387779993425143; 3.228551450015769; 3.1870533593986
856; 3112; 3112.0; 3112; 3072; 3072.0; 3072; -1.7973081832471725E-4; 0.011372075330038011; 3.2196527266810246; 3.1782690155411664
898; 3112; 3112.0; 3112; 3072; 3072.0; 3072; -1.9168580880219986E-4; 0.011332440748858483; 3.1972492149737612; 3.1561534667093167
942; 3112; 3112.0; 3112; 3072; 3072.0; 3072; -1.062056764129734E-4; 0.011387935993656376; 3.2286399059260162; 3.18714067834342
989; 3112; 3112.0; 3112; 3072; 3072.0; 3072; -1.1588885135187592E-4; 0.011383190679761086; 3.225949740169603; 3.1844850905530273
1038; 3112; 3112.0; 3112; 3072; 3072.0; 3072; -5.120078573876622E-5; 0.01139137814910107; 3.2305919997973085; 3.1890676810338476
1089; 3112; 3112.0; 3112; 3072; 3072.0; 3072; -6.58787529518966E-5; 0.011381642122074934; 3.225072090025681; 3.183618721259284
1143; 3112; 3112.0; 3112; 3072; 3072.0; 3072; -1.2348928026921805E-4; 0.011397596473676067; 3.234119993059645; 3.192550327339084
1200; 3112; 3112.0; 3112; 3072; 3072.0; 3072; -1.1314944758789601E-4; 0.011419716788140723; 3.246685655155357; 3.204954477068527
1260; 3112; 3112.0; 3112; 3072; 3072.0; 3072; -1.838242749060386E-4; 0.01151169794348422; 3.2991977428381016; 3.2567916021846552
1323; 3112; 3112.0; 3112; 3072; 3072.0; 3072; -1.827490701575942E-4; 0.011450676054636202; 3.2643132825662176; 3.2223555282915877
1389; 3112; 3112.0; 3112; 3072; 3072.0; 3072; -2.3111559085730088E-4; 0.011518059922265211; 3.3028453760675207; 3.2603923506681953
1458; 3112; 3112.0; 3112; 3072; 3072.0; 3072; -2.4518571052968633E-4; 0.011545887052092635; 3.3188237146787634; 3.276165312176466
1530; 3112; 3112.0; 3112; 3072; 3072.0; 3072; -2.6234560305532707E-4; 0.011584286996633128; 3.340936277166166; 3.29799365149565
1606; 3112; 3112.0; 3112; 3072; 3072.0; 3072; -2.855305060613485E-4; 0.011580515973040656; 3.338761486625253; 3.2958468145606608
1686; 3112; 3112.0; 3112; 3072; 3072.0; 3072; -2.0392133016827093E-4; 0.011613355779389323; 3.3577243280911833; 3.314565917704407
1770; 3112; 3112.0; 3112; 3072; 3072.0; 3072; -7.147279293581572E-5; 0.011622052475906974; 3.3627550950281004; 3.319532021827225
1858; 3112; 3112.0; 3112; 3072; 3072.0; 3072; -7.774006410622517E-5; 0.011695448344072646; 3.4053623139770273; 3.3615915901469884
1950; 3112; 3112.0; 3112; 3072; 3072.0; 3072; -8.911507314737453E-5; 0.011736131617884327; 3.4290950081309663; 3.385019236818229
2047; 3112; 3112.0; 3112; 3072; 3072.0; 3072; -8.886746955468694E-5; 0.011730054583770437; 3.4255447186798684; 3.381514580907634
2149; 3112; 3112.0; 3112; 3072; 3072.0; 3072; -9.055924626913066E-5; 0.011771892439988604; 3.4500242354981805; 3.4056794509802084
2256; 3112; 3112.0; 3112; 3072; 3072.0; 3072; -5.2822825338634855E-5; 0.011856928064798732; 3.500047557059378; 3.4550597992565586
2368; 3112; 3112.0; 3112; 3072; 3072.0; 3072; -9.000843777612019E-5; 0.011900835109820426; 3.526017400642006; 3.480695840222443
2486; 3112; 3112.0; 3112; 3072; 3072.0; 3072; -3.917720183189042E-5; 0.01184546890289472; 3.493285564349084; 3.4483847216196617
2610; 3112; 3112.0; 3112; 3072; 3072.0; 3072; -7.321153842114347E-5; 0.011827046208073684; 3.482428131908931; 3.437666844866399
2740; 3112; 3112.0; 3112; 3072; 3072.0; 3072; -7.64075759178472E-5; 0.011867695350134148; 3.506407235025838; 3.461337733290288
2877; 3112; 3112.0; 3112; 3072; 3072.0; 3072; -1.2606740162020392E-4; 0.011846639212140188; 3.493975858060685; 3.449066142661447
3020; 3112; 3112.0; 3112; 3072; 3072.0; 3072; -9.70942511976676E-5; 0.01191648290270435; 3.535295852525001; 3.4898550317984585
3171; 3112; 3112.0; 3112; 3072; 3072.0; 3072; -4.539929131911469E-5; 0.011992756981918906; 3.5806975738012703; 3.534673183392514
3329; 3112; 3112.0; 3112; 3072; 3072.0; 3072; -8.80566645188543E-5; 0.011978583182657153; 3.572238785269281; 3.5263231196488536
3495; 3112; 3112.0; 3112; 3072; 3072.0; 3072; -1.2364612137035023E-4; 0.01200302721034082; 3.586832998434487; 3.5407297465265883
3669; 3112; 3112.0; 3112; 3072; 3072.0; 3072; -1.1055282657658709E-4; 0.011988924693987636; 3.5784095141595813; 3.532414533257787
3852; 3112; 3112.0; 3112; 3072; 3072.0; 3072; -1.4824372591107295E-4; 0.012131606831493584; 3.6640908158798946; 3.6169945328994335
4044; 3112; 3112.0; 3112; 3072; 3072.0; 3072; -1.538086716922013E-4; 0.012135593636260253; 3.6664994687889476; 3.6193722262595265
4246; 3112; 3112.0; 3112; 3072; 3072.0; 3072; -1.794095355790764E-4; 0.01221671817986204; 3.71568326403333; 3.667923839045755
4458; 3112; 3112.0; 3112; 3072; 3072.0; 3072; -1.6000274048044908E-4; 0.012276004118829002; 3.751834099316613; 3.703610010636451
4680; 3112; 3112.0; 3112; 3072; 3072.0; 3072; -1.1803510490104467E-4; 0.012321514575188467; 3.779703784636181; 3.731121473779675
4913; 3112; 3112.0; 3112; 3072; 3072.0; 3072; -1.326349017067248E-4; 0.012413039994440246; 3.8360643571513564; 3.786757617342213
5158; 3112; 3112.0; 3112; 3072; 3072.0; 3072; -7.320144741630209E-5; 0.012473443246386972; 3.873488634733151; 3.823700863078483
5415; 3112; 3112.0; 3112; 3072; 3072.0; 3072; -5.898569814254842E-5; 0.012608562980658464; 3.9578630214453057; 3.9069907461053917
5685; 3112; 3112.0; 3112; 3072; 3072.0; 3072; -8.9725120529938E-5; 0.012670402974506318; 3.9967817208096807; 3.9454092051180396
5969; 3112; 3112.0; 3112; 3072; 3072.0; 3072; -1.3342376320455245E-4; 0.012649047097788566; 3.983319979233697; 3.932120493639434
6267; 3112; 3112.0; 3112; 3072; 3072.0; 3072; -1.5207916408234716E-4; 0.012692809124659766; 4.010929916914751; 3.9593755478027366
6580; 3112; 3112.0; 3112; 3072; 3072.0; 3072; -8.465889421599287E-5; 0.012717263244787952; 4.026399817349392; 3.974646606329477
6909; 3112; 3112.0; 3112; 3072; 3072.0; 3072; -5.6334501987638706E-5; 0.012863681623776805; 4.119648295235865; 4.066696517662139
7254; 3112; 3112.0; 3112; 3072; 3072.0; 3072; -5.893711261560613E-5; 0.012880076479294785; 4.130156030320371; 4.077069191884376
7616; 3112; 3112.0; 3112; 3072; 3072.0; 3072; -1.1446863068889594E-4; 0.012913741226675771; 4.151774281641803; 4.098409573651549
7996; 3112; 3112.0; 3112; 3072; 3072.0; 3072; -1.2647957980767334E-4; 0.012970779539980964; 4.188530970194742; 4.1346938111948095
8395; 3112; 3112.0; 3112; 3072; 3072.0; 3072; -3.783642472152003E-5; 0.013063695112679928; 4.248754596406742; 4.194143354807682
8814; 3112; 3112.0; 3112; 3072; 3072.0; 3072; 1.0862289458103146E-5; 0.013091674200689624; 4.26697357335385; 4.212128154673209
9254; 3112; 3112.0; 3112; 3072; 3072.0; 3072; 6.555469196498685E-5; 0.013142794076351823; 4.300361667576841; 4.2450870960141565
9716; 3112; 3112.0; 3112; 3072; 3072.0; 3072; 1.9007343523576182E-5; 0.013296408407528975; 4.401475287935039; 4.3449010554423015
10201; 3112; 3112.0; 3112; 3072; 3072.0; 3072; 6.155023489964033E-5; 0.013404887585243967; 4.473587414163699; 4.416086290588331
10711; 3112; 3112.0; 3112; 3072; 3072.0; 3072; 6.753767668865231E-5; 0.01346592130558891; 4.514417487400569; 4.456391555685909
11246; 3112; 3112.0; 3112; 3072; 3072.0; 3072; 1.311906428251035E-4; 0.013570630949004441; 4.584897758319104; 4.525965910525799
11808; 3112; 3112.0; 3112; 3072; 3072.0; 3072; 1.3727629949442942E-4; 0.01368433087061914; 4.662047649631336; 4.60212415799083
12398; 3112; 3112.0; 3112; 3072; 3072.0; 3072; 1.0733451565769383E-4; 0.013762712993800687; 4.715607847772485; 4.654995921708572
13017; 3112; 3112.0; 3112; 3072; 3072.0; 3072; 1.0628288394387301E-4; 0.01381576940337546; 4.752036054823583; 4.690955899877265
13667; 3112; 3112.0; 3112; 3072; 3072.0; 3072; 1.8640444213841462E-4; 0.013907430283294057; 4.815300098940308; 4.753406781473209
14350; 3112; 3112.0; 3112; 3072; 3072.0; 3072; 1.404293391395357E-4; 0.01398417897413338; 4.868593584310471; 4.80601526060468
15067; 3112; 3112.0; 3112; 3072; 3072.0; 3072; 6.504225486699351E-5; 0.014123435414943984; 4.966040669498659; 4.902209812564228
15820; 3112; 3112.0; 3112; 3072; 3072.0; 3072; 3.10921522002163E-6; 0.014228458784039274; 5.040171284133223; 4.975387591535109
16610; 3112; 3112.0; 3112; 3072; 3072.0; 3072; 8.111436594772987E-6; 0.01430325944850434; 5.09330411527219; 5.027837481399796
17440; 3112; 3112.0; 3112; 3072; 3072.0; 3072; 1.4700289661501687E-5; 0.014383298962522122; 5.150466780071539; 5.084265407577046
18311; 3112; 3112.0; 3112; 3072; 3072.0; 3072; -3.5134710659825305E-5; 0.014380883548255402; 5.148737070302709; 5.082557930581594
19226; 3112; 3112.0; 3112; 3072; 3072.0; 3072; -4.758539581657911E-5; 0.014463135893402757; 5.2078025375892905; 5.140864201630559
20187; 3112; 3112.0; 3112; 3072; 3072.0; 3072; -4.345968659920739E-5; 0.014529253267242867; 5.255525695739805; 5.187973951578625
21196; 3112; 3112.0; 3112; 3072; 3072.0; 3072; 1.7958385146598743E-5; 0.014643642577999822; 5.338605326938202; 5.269985721193495
22255; 3112; 3112.0; 3112; 3072; 3072.0; 3072; -3.482830890713733E-5; 0.014650875745062483; 5.343880593781388; 5.2751931825502645
23367; 3112; 3112.0; 3112; 3072; 3072.0; 3072; -1.7121997705923853E-5; 0.014653750001648045; 5.345977559302478; 5.2772631947870225
24535; 3112; 3112.0; 3112; 3072; 3072.0; 3072; -4.0204949907510374E-5; 0.014807997299677354; 5.459114815142461; 5.388946244253741
25761; 3112; 3112.0; 3112; 3072; 3072.0; 3072; -7.109567630012621E-5; 0.014933643788117046; 5.552149493212973; 5.480785103840054
27049; 3112; 3112.0; 3112; 3072; 3072.0; 3072; -6.750825376712799E-5; 0.0150294569474941; 5.6236224074962635; 5.551339343132558
28401; 3112; 3112.0; 3112; 3072; 3072.0; 3072; -1.326983902132634E-4; 0.015123921659536396; 5.6945369264330195; 5.621342364396605
29821; 3112; 3112.0; 3112; 3072; 3072.0; 3072; -1.2637221761717526E-4; 0.015215614817157027; 5.763795803438746; 5.689711024474237
31312; 3112; 3112.0; 3112; 3072; 3072.0; 3072; -2.004247949851114E-4; 0.01522125015126368; 5.768066012742212; 5.693926346768661
32877; 3112; 3112.0; 3112; 3072; 3072.0; 3072; -2.0726320882092562E-4; 0.015250115203949028; 5.789963477914626; 5.715542353519837
34520; 3112; 3112.0; 3112; 3072; 3072.0; 3072; -2.2142113568124865E-4; 0.0152246875126911; 5.770671471051962; 5.696498315897053
36245; 3112; 3112.0; 3112; 3072; 3072.0; 3072; -3.041384712724902E-4; 0.01529661273668706; 5.825324448837936; 5.7504488132487594
38057; 3112; 3112.0; 3112; 3072; 3072.0; 3072; -3.7434914949589787E-4; 0.015353465758652002; 5.868706963329068; 5.793273711872396
39959; 3112; 3112.0; 3112; 3072; 3072.0; 3072; -3.471711348497367E-4; 0.015497501659703851; 5.979335996313067; 5.9024807778514585
41956; 3112; 3112.0; 3112; 3072; 3072.0; 3072; -2.770906972725065E-4; 0.01559354636560276; 6.053678702826431; 5.975867922584446
44053; 3112; 3112.0; 3112; 3072; 3072.0; 3072; -2.4019774132887057E-4; 0.015620214300619079; 6.074402296072704; 5.996325145737578
46255; 3112; 3112.0; 3112; 3072; 3072.0; 3072; -2.2007502749854586E-4; 0.015687418362655275; 6.126783482256312; 6.04803305189312
48567; 3112; 3112.0; 3112; 3072; 3072.0; 3072; -1.9456833052989168E-4; 0.015659733645340658; 6.105177811259681; 6.026705088749916
50995; 3112; 3112.0; 3112; 3072; 3072.0; 3072; -2.1391534590205704E-4; 0.01567370688975083; 6.1160780225283204; 6.037465194475257
53544; 3112; 3112.0; 3112; 3072; 3072.0; 3072; -2.3025493756064362E-4; 0.01573179227257887; 6.161493316726121; 6.082296744531697
56221; 3112; 3112.0; 3112; 3072; 3072.0; 3072; -3.182237334919987E-4; 0.015796076491101162; 6.2119511454366485; 6.132106015032578
59032; 3112; 3112.0; 3112; 3072; 3072.0; 3072; -3.684041533778506E-4; 0.01584437164728753; 6.249994234692896; 6.169660118565738
61983; 3112; 3112.0; 3112; 3072; 3072.0; 3072; -3.0230200126100184E-4; 0.015833669762927313; 6.241554123827178; 6.1613284924155165
65082; 3112; 3112.0; 3112; 3072; 3072.0; 3072; -2.753874277648964E-4; 0.015816212316008233; 6.227798433135658; 6.147749610087642
68336; 3112; 3112.0; 3112; 3072; 3072.0; 3072; -2.1660940410643772E-4; 0.015869088147769453; 6.269508858343189; 6.188923911577851
71752; 3112; 3112.0; 3112; 3072; 3072.0; 3072; -2.690141463502419E-4; 0.015925185348857836; 6.313912610933778; 6.232756921847225
75339; 3112; 3112.0; 3112; 3072; 3072.0; 3072; -2.7894623061147704E-4; 0.01597077305529639; 6.350112978028217; 6.268491988593407
79105; 3112; 3112.0; 3112; 3072; 3072.0; 3072; -2.0412748844681502E-4; 0.015944226874986537; 6.329020555479404; 6.247670676874271
83060; 3112; 3112.0; 3112; 3072; 3072.0; 3072; -2.9010642676022936E-4; 0.0159434760969526; 6.328424530626847; 6.247082313009536
87213; 3112; 3112.0; 3112; 3072; 3072.0; 3072; -2.182565873418803E-4; 0.015966698896127517; 6.3468735517314725; 6.2652942001668
91573; 3112; 3112.0; 3112; 3072; 3072.0; 3072; -1.7985677354793235E-4; 0.015997047558590747; 6.371024089613804; 6.289134319824424
96151; 3112; 3112.0; 3112; 3072; 3072.0; 3072; -2.0385853239620008E-4; 0.016010257404683936; 6.381550406520842; 6.299525337028285
100958; 3112; 3112.0; 3112; 3072; 3072.0; 3072; -1.6941208336368463E-4; 0.016053650723013787; 6.416189689453231; 6.333719384961544
106005; 3112; 3112.0; 3112; 3072; 3072.0; 3072; -1.45941720553582E-4; 0.01603652025480077; 6.402503868950087; 6.320209474747644
111305; 3112; 3112.0; 3112; 3072; 3072.0; 3072; -1.0393561143972603E-4; 0.01586181629889657; 6.26376429700333; 6.183253187787349
116870; 3112; 3112.0; 3112; 3072; 3072.0; 3072; -2.2313541018239318E-5; 0.015959320641136383; 6.3410090919710775; 6.2595051190665645
122713; 3112; 3112.0; 3112; 3072; 3072.0; 3072; -7.459796466840793E-5; 0.01601051379613592; 6.381754798996776; 6.299727102351573
128848; 3112; 3112.0; 3112; 3072; 3072.0; 3072; -6.743622670624912E-5; 0.01596898981593813; 6.348694995421273; 6.267092231983981
135290; 3112; 3112.0; 3112; 3072; 3072.0; 3072; -3.101598962456512E-5; 0.01599044609079487; 6.365766940482432; 6.283944743303993
142054; 3112; 3112.0; 3112; 3072; 3072.0; 3072; 1.3804123422292194E-5; 0.015998732310147926; 6.372366106998978; 6.290459087628811
149156; 3112; 3112.0; 3112; 3072; 3072.0; 3072; 7.846629208599564E-6; 0.01598850536259707; 6.364221833656983; 6.28241949646345
156613; 3112; 3112.0; 3112; 3072; 3072.0; 3072; -2.060515440188904E-5; 0.016052821054840388; 6.415526516831021; 6.333064736409028
164443; 3112; 3112.0; 3112; 3072; 3072.0; 3072; -2.656265995505421E-5; 0.01602568321531821; 6.393853520601452; 6.311670313395776
172665; 3112; 3112.0; 3112; 3072; 3072.0; 3072; -7.238566650111833E-5; 0.01611962183149534; 6.469031610129526; 6.385882103572591
181298; 3112; 3112.0; 3112; 3072; 3072.0; 3072; 2.3516826188202277E-5; 0.016090088645068792; 6.4453491560832505; 6.362504051249275
190362; 3112; 3112.0; 3112; 3072; 3072.0; 3072; 1.9108968352538538E-4; 0.016150018057469417; 6.493451480756021; 6.409988094113913
199880; 3112; 3112.0; 3112; 3072; 3072.0; 3072; 1.545781403761205E-4; 0.016088161876656768; 6.443805603170576; 6.360980338348332
209874; 3112; 3112.0; 3112; 3072; 3072.0; 3072; 2.1882183142739453E-4; 0.016174565400505655; 6.513206024527763; 6.429488723441289
220367; 3112; 3112.0; 3112; 3072; 3072.0; 3072; 1.5668360125692916E-4; 0.01615662155382932; 6.498762713158053; 6.415231058747281
231385; 3112; 3112.0; 3112; 3072; 3072.0; 3072; 1.6652834564987712E-4; 0.016157830913103702; 6.499735643430328; 6.416191483489064
242954; 3112; 3112.0; 3112; 3072; 3072.0; 3072; 2.1184331282080436E-4; 0.016178104465401837; 6.516056571670653; 6.432302631160748
255101; 3112; 3112.0; 3112; 3072; 3072.0; 3072; 2.0329045554815404E-4; 0.016196441475214637; 6.530836140989479; 6.446892231722262
267856; 3112; 3112.0; 3112; 3072; 3072.0; 3072; 1.1932852113792137E-4; 0.01608475645696007; 6.441077940403876; 6.358287735514365
281248; 3112; 3112.0; 3112; 3072; 3072.0; 3072; 6.632259608402069E-6; 0.016225869807257234; 6.554590274547333; 6.470341042226672
295310; 3112; 3112.0; 3112; 3072; 3072.0; 3072; 1.3117548550187865E-5; 0.01618570642680009; 6.522181695740348; 6.4383490261292895
310075; 3112; 3112.0; 3112; 3072; 3072.0; 3072; 5.230147054445709E-5; 0.016202631545270064; 6.535829096819369; 6.451821010741999
325578; 3112; 3112.0; 3112; 3072; 3072.0; 3072; 8.198793092401851E-5; 0.01618030363930523; 6.517828215013398; 6.434051502738161
341856; 3112; 3112.0; 3112; 3072; 3072.0; 3072; 1.0211749383519626E-4; 0.016165996635982838; 6.5063068783528095; 6.422678255237734
358948; 3112; 3112.0; 3112; 3072; 3072.0; 3072; 9.969596309628514E-5; 0.01617406266996954; 6.5128011497643366; 6.429089052723665
376895; 3112; 3112.0; 3112; 3072; 3072.0; 3072; 1.0362012768559311E-4; 0.01612871011145884; 6.476328176341479; 6.393084883586447
395739; 3112; 3112.0; 3112; 3072; 3072.0; 3072; -1.4905488541403528E-5; 0.016125613326268304; 6.4738414465726235; 6.390630116925161
415525; 3112; 3112.0; 3112; 3072; 3072.0; 3072; 9.834137955357988E-5; 0.01607999708999074; 6.4372667644857; 6.354525546433184
436301; 3112; 3112.0; 3112; 3072; 3072.0; 3072; 1.6024369562108714E-4; 0.01604115257115063; 6.406203263388974; 6.323861319129476
458116; 3112; 3112.0; 3112; 3072; 3072.0; 3072; 1.8675662738980975E-4; 0.016085008729869187; 6.4412799853918425; 6.358487183523053
481021; 3112; 3112.0; 3112; 3072; 3072.0; 3072; 8.982304038039241E-5; 0.016163361472110487; 6.504185909528521; 6.420584548223527
505072; 3112; 3112.0; 3112; 3072; 3072.0; 3072; 1.3366922531482832E-4; 0.016166198318705617; 6.5064692213127175; 6.422838511527208
530325; 3112; 3112.0; 3112; 3072; 3072.0; 3072; 6.703627546734625E-5; 0.01626123121567392; 6.583190541612639; 6.498573696604765
556841; 3112; 3112.0; 3112; 3072; 3072.0; 3072; 1.6309971108927375E-4; 0.01614511836565171; 6.489512031930351; 6.406099280877261
584683; 3112; 3112.0; 3112; 3072; 3072.0; 3072; 1.62545906896554E-4; 0.016104719132056956; 6.457075812315499; 6.374079979252318
613917; 3112; 3112.0; 3112; 3072; 3072.0; 3072; 1.335606974703316E-4; 0.016187725484697855; 6.523808993736146; 6.439955407698405
644612; 3112; 3112.0; 3112; 3072; 3072.0; 3072; 1.729471044175542E-4; 0.016221173582803047; 6.550796656955729; 6.466596185786632
676842; 3112; 3112.0; 3112; 3072; 3072.0; 3072; 1.1505393023601495E-4; 0.016219049650950227; 6.5490813020554; 6.464902879149804
710684; 3112; 3112.0; 3112; 3072; 3072.0; 3072; 1.6168287688016634E-4; 0.01628060128481527; 6.598883425145924; 6.514064872123482
746218; 3112; 3112.0; 3112; 3072; 3072.0; 3072; 6.787220395446846E-6; 0.016274690448064923; 6.594092712393637; 6.50933573665593
783528; 3112; 3112.0; 3112; 3072; 3072.0; 3072; -5.855356397936666E-5; 0.016287200488128324; 6.604234111939177; 6.519346784022222
822704; 3112; 3112.0; 3112; 3072; 3072.0; 3072; -1.1702383945913496E-4; 0.01623995518627299; 6.56597505228085; 6.481579486056161
863839; 3112; 3112.0; 3112; 3072; 3072.0; 3072; -1.1809807518345207E-4; 0.01614976831508084; 6.493250654040121; 6.40978984871827
907030; 3112; 3112.0; 3112; 3072; 3072.0; 3072; -1.692802623271591E-4; 0.01619978801220113; 6.533535245315799; 6.449556643190918
952381; 3112; 3112.0; 3112; 3072; 3072.0; 3072; -2.2575688143122407E-4; 0.01613277707621035; 6.479594689163624; 6.3963094103826
1000000; 3112; 3112.0; 3112; 3072; 3072.0; 3072; -1.8176679672092232E-4; 0.016137982719390934; 6.483776969713869; 6.400437934113434
