p = 12; number of cycles = 10000; data structure = Hash4j UltraLogLog FGRA
true distinct count; minimum memory size; average memory size; maximum memory size; minimum serialization size; average serialization size; maximum serialization size; relative distinct count estimation bias; relative distinct count estimation rmse; estimated memory MVP; estimated serialization MVP
1; 4128; 4128.0; 4128; 4096; 4096.0; 4096; -4.0364278225833264E-5; 8.226203174920364E-5; 2.234747906325507E-4; 2.2174242791446895E-4
2; 4128; 4128.0; 4128; 4096; 4096.0; 4096; -1.4933549435871998E-4; 0.010000204766646589; 3.3025352456594157; 3.2769341972434507
3; 4128; 4128.0; 4128; 4096; 4096.0; 4096; -1.638059015778347E-4; 0.009998973127246874; 3.301721805906755; 3.2761270632253074
4; 4128; 4128.0; 4128; 4096; 4096.0; 4096; -1.1609907839477163E-4; 0.009351831460815923; 2.88817176719983; 2.8657828387719246
5; 4128; 4128.0; 4128; 4096; 4096.0; 4096; -4.1532143424750634E-5; 0.008481978009687342; 2.375877036398012; 2.3574593849530663
6; 4128; 4128.0; 4128; 4096; 4096.0; 4096; -2.217190943595006E-5; 0.008492053652702081; 2.381524942338004; 2.363063508676469
7; 4128; 4128.0; 4128; 4096; 4096.0; 4096; 2.3086389008672208E-5; 0.008321812105329467; 2.2869964330026593; 2.269267778483259
8; 4128; 4128.0; 4128; 4096; 4096.0; 4096; 3.918513750429882E-5; 0.00837238581957814; 2.3148781865552976; 2.2969333944114583
9; 4128; 4128.0; 4128; 4096; 4096.0; 4096; 1.2423711712462588E-5; 0.008660945437340688; 2.4771954910843985; 2.457992425262039
10; 4128; 4128.0; 4128; 4096; 4096.0; 4096; 7.48062218915619E-6; 0.008753179295855895; 2.53023771246506; 2.5106234666319973
11; 4128; 4128.0; 4128; 4096; 4096.0; 4096; -5.8972536263827355E-5; 0.009149702382630787; 2.7646719810823215; 2.743240415337497
12; 4128; 4128.0; 4128; 4096; 4096.0; 4096; -3.847934479633476E-5; 0.00909178830334669; 2.729784134994034; 2.708623017668499
13; 4128; 4128.0; 4128; 4096; 4096.0; 4096; -5.333634435270591E-6; 0.008993430406680965; 2.6710402488053693; 2.6503345104425367
14; 4128; 4128.0; 4128; 4096; 4096.0; 4096; 5.0442002839518696E-5; 0.008815284918756551; 2.566270212519043; 2.546376644980136
15; 4128; 4128.0; 4128; 4096; 4096.0; 4096; 8.380826549186511E-5; 0.00873847287931293; 2.5217426344603915; 2.5021942419451944
16; 4128; 4128.0; 4128; 4096; 4096.0; 4096; 1.1647539740355734E-4; 0.008664873171383014; 2.4794428141628813; 2.460222327231386
17; 4128; 4128.0; 4128; 4096; 4096.0; 4096; 3.722925063489398E-5; 0.00899038424543657; 2.6692311412727387; 2.648539426999307
18; 4128; 4128.0; 4128; 4096; 4096.0; 4096; -2.0609267652052154E-6; 0.009144150339731781; 2.76131779102581; 2.7399122267542926
19; 4128; 4128.0; 4128; 4096; 4096.0; 4096; 3.0304835600109515E-5; 0.009082682032220277; 2.7243186083573243; 2.7031998594553297
20; 4128; 4128.0; 4128; 4096; 4096.0; 4096; 3.8930937715601154E-5; 0.009085713026974553; 2.726137184230663; 2.7050043378412783
21; 4128; 4128.0; 4128; 4096; 4096.0; 4096; 7.214124084929181E-6; 0.009179954370963138; 2.782984071841923; 2.761410551905164
22; 4128; 4128.0; 4128; 4096; 4096.0; 4096; -4.0511849448886894E-5; 0.009386468934682339; 2.9096059082154495; 2.88705082365564
23; 4128; 4128.0; 4128; 4096; 4096.0; 4096; -5.611436302533948E-5; 0.009436290540034484; 2.940575158045904; 2.917780001781982
24; 4128; 4128.0; 4128; 4096; 4096.0; 4096; -6.441293272861508E-5; 0.009438812904856897; 2.9421474272827424; 2.9193400828852014
25; 4128; 4128.0; 4128; 4096; 4096.0; 4096; -3.8236408577846094E-5; 0.00937924626071398; 2.905129880080926; 2.8826094934136317
26; 4128; 4128.0; 4128; 4096; 4096.0; 4096; -1.53510770063479E-5; 0.009325347481309325; 2.8718365768918828; 2.849574277846209
27; 4128; 4128.0; 4128; 4096; 4096.0; 4096; -2.6803199999739152E-5; 0.009379422222795156; 2.9052388861739034; 2.8827176544981366
28; 4128; 4128.0; 4128; 4096; 4096.0; 4096; -4.852996993984933E-5; 0.009412888353641752; 2.9260078754299057; 2.9033256438374258
29; 4128; 4128.0; 4128; 4096; 4096.0; 4096; -1.2977026049051675E-5; 0.009355947279151787; 2.8907145431666015; 2.868305903297093
30; 4128; 4128.0; 4128; 4096; 4096.0; 4096; 1.760347675886403E-5; 0.00935682032540044; 2.8912540599387273; 2.8688412377686596
31; 4128; 4128.0; 4128; 4096; 4096.0; 4096; 2.0520399996496967E-5; 0.009399663883300496; 2.9177919652746414; 2.8951734229081714
32; 4128; 4128.0; 4128; 4096; 4096.0; 4096; 4.608553444919888E-5; 0.00932926414433624; 2.874249436735722; 2.851968433350174
33; 4128; 4128.0; 4128; 4096; 4096.0; 4096; 7.940668988895252E-5; 0.009301582853922994; 2.8572181050631316; 2.835069127504503
34; 4128; 4128.0; 4128; 4096; 4096.0; 4096; 5.534431534283166E-5; 0.009353671104713883; 2.889308171375505; 2.8669104336129045
35; 4128; 4128.0; 4128; 4096; 4096.0; 4096; 7.816743216814785E-5; 0.009295261563821301; 2.8533359341161257; 2.8312170509059236
36; 4128; 4128.0; 4128; 4096; 4096.0; 4096; 6.133459498137548E-5; 0.009316287062438177; 2.866258789692961; 2.8440397293077444
37; 4128; 4128.0; 4128; 4096; 4096.0; 4096; 7.854391372389557E-5; 0.009284216059834568; 2.8465587589360704; 2.8244924119675736
38; 4128; 4128.0; 4128; 4096; 4096.0; 4096; 6.0093561328586926E-5; 0.0093212223123332; 2.8692963625154664; 2.8470537550541057
39; 4128; 4128.0; 4128; 4096; 4096.0; 4096; 9.931334833105401E-5; 0.009285283795302825; 2.8472135361411604; 2.8251421133803762
40; 4128; 4128.0; 4128; 4096; 4096.0; 4096; 1.1816288639001503E-4; 0.00925262588459136; 2.8272204961451766; 2.8053040581905626
42; 4128; 4128.0; 4128; 4096; 4096.0; 4096; 1.018622868728962E-4; 0.009336631270566647; 2.8787906993268386; 2.856474492355313
44; 4128; 4128.0; 4128; 4096; 4096.0; 4096; 5.9155296107011054E-5; 0.00938927464051974; 2.911345586557135; 2.888777016118708
46; 4128; 4128.0; 4128; 4096; 4096.0; 4096; 6.563934756601157E-5; 0.009381223309716519; 2.906354752382245; 2.883824870580832
48; 4128; 4128.0; 4128; 4096; 4096.0; 4096; 2.0418945454720366E-5; 0.009420144208005164; 2.930520596492827; 2.907803382566527
50; 4128; 4128.0; 4128; 4096; 4096.0; 4096; 6.109083672703378E-6; 0.00943129427931652; 2.9374620723240548; 2.914691048507589
52; 4128; 4128.0; 4128; 4096; 4096.0; 4096; -1.885315016218706E-5; 0.009471704394039255; 2.9626881926451367; 2.939721617508353
54; 4128; 4128.0; 4128; 4096; 4096.0; 4096; -2.1028728430827185E-5; 0.009482900212753718; 2.9696962922011494; 2.9466753907112184
56; 4128; 4128.0; 4128; 4096; 4096.0; 4096; -2.315450631709309E-5; 0.009487291639971597; 2.9724473967057583; 2.9494051688243186
58; 4128; 4128.0; 4128; 4096; 4096.0; 4096; -3.202325528407799E-5; 0.009503231821641847; 2.982444170804926; 2.9593244485506243
60; 4128; 4128.0; 4128; 4096; 4096.0; 4096; -2.551982136849143E-5; 0.009520410780355102; 2.993236624395396; 2.97003323971016
62; 4128; 4128.0; 4128; 4096; 4096.0; 4096; 1.855403393066367E-5; 0.009493769210865156; 2.9765077360545504; 2.9534340326742825
65; 4128; 4128.0; 4128; 4096; 4096.0; 4096; 3.225768559402535E-5; 0.00948385672439938; 2.9702954110957203; 2.9472698652732725
68; 4128; 4128.0; 4128; 4096; 4096.0; 4096; 7.853040819033552E-6; 0.009482898500739707; 2.969695219921344; 2.946674326743659
71; 4128; 4128.0; 4128; 4096; 4096.0; 4096; 1.652526758251284E-5; 0.009472761361175943; 2.9633494545783394; 2.9403777533800572
74; 4128; 4128.0; 4128; 4096; 4096.0; 4096; 2.4295782149588173E-5; 0.0094397227538012; 2.942714667840907; 2.9199029262297373
77; 4128; 4128.0; 4128; 4096; 4096.0; 4096; 1.4018311475144495E-5; 0.009495650107324819; 2.9776872586074066; 2.9546044116414576
80; 4128; 4128.0; 4128; 4096; 4096.0; 4096; 7.182845210857053E-5; 0.009530972943198376; 2.999881839737179; 2.9766269417547204
84; 4128; 4128.0; 4128; 4096; 4096.0; 4096; 1.190725856800747E-4; 0.009510185110683744; 2.9868101346026825; 2.9636565676677784
88; 4128; 4128.0; 4128; 4096; 4096.0; 4096; 1.3875232742824277E-4; 0.009490802455586523; 2.97464773923194; 2.9515884544316924
92; 4128; 4128.0; 4128; 4096; 4096.0; 4096; 1.6842224211527E-4; 0.009483161813374911; 2.9698601418870085; 2.946837970244474
96; 4128; 4128.0; 4128; 4096; 4096.0; 4096; 1.8458035111048842E-4; 0.009454153041323637; 2.951718465282867; 2.928836926792302
100; 4128; 4128.0; 4128; 4096; 4096.0; 4096; 1.74722073788133E-4; 0.00943922098661907; 2.942401836957608; 2.9195925203920448
105; 4128; 4128.0; 4128; 4096; 4096.0; 4096; 2.06298694077803E-4; 0.00936581470836961; 2.896815253643549; 2.8743593214447616
110; 4128; 4128.0; 4128; 4096; 4096.0; 4096; 2.2566912986734505E-4; 0.009391464487310784; 2.912703762667041; 2.890124663731638
115; 4128; 4128.0; 4128; 4096; 4096.0; 4096; 1.627664069726992E-4; 0.009430239337772676; 2.936804966868507; 2.914039036892782
120; 4128; 4128.0; 4128; 4096; 4096.0; 4096; 1.0403316198044991E-4; 0.00951055919083015; 2.9870451097023016; 2.963889721254997
125; 4128; 4128.0; 4128; 4096; 4096.0; 4096; 8.447362430426687E-5; 0.009491125900858327; 2.9748504938769273; 2.9517896373352457
131; 4128; 4128.0; 4128; 4096; 4096.0; 4096; 8.112749908166632E-5; 0.009502644857977771; 2.98207576301922; 2.958958896639226
137; 4128; 4128.0; 4128; 4096; 4096.0; 4096; 5.7000458849441756E-5; 0.009566750524396274; 3.022446159843505; 2.99901634465092
143; 4128; 4128.0; 4128; 4096; 4096.0; 4096; 2.3313563915121747E-5; 0.009608114138306353; 3.0486388713009136; 3.0250060118334643
150; 4128; 4128.0; 4128; 4096; 4096.0; 4096; 9.888801278620076E-5; 0.00961231618593512; 3.051306060065882; 3.027652524716534
157; 4128; 4128.0; 4128; 4096; 4096.0; 4096; 7.094233302639123E-5; 0.009615353004419085; 3.053234362508097; 3.029565879077802
164; 4128; 4128.0; 4128; 4096; 4096.0; 4096; 6.502715893815334E-5; 0.009664795773433477; 3.084714950948073; 3.0608024319484755
172; 4128; 4128.0; 4128; 4096; 4096.0; 4096; 8.315351090167774E-5; 0.009681606269364103; 3.0954551025136006; 3.071459326525123
180; 4128; 4128.0; 4128; 4096; 4096.0; 4096; 9.690693385439682E-5; 0.009639215995414958; 3.068407952846849; 3.0446218446852455
188; 4128; 4128.0; 4128; 4096; 4096.0; 4096; 1.5011648187101805E-4; 0.009632505358201189; 3.0641371065279803; 3.0403841057021825
197; 4128; 4128.0; 4128; 4096; 4096.0; 4096; 1.1919660757006826E-4; 0.009660514422959706; 3.0819825971690022; 3.058091259206452
206; 4128; 4128.0; 4128; 4096; 4096.0; 4096; 6.892721459528567E-5; 0.009671460924623012; 3.0889710534988186; 3.0650255414561927
216; 4128; 4128.0; 4128; 4096; 4096.0; 4096; 1.3769702545401738E-5; 0.009642223469574092; 3.070322962790271; 3.0465220095903467
226; 4128; 4128.0; 4128; 4096; 4096.0; 4096; 5.12747054660454E-5; 0.009635186913519224; 3.065843370173523; 3.0420771424977593
237; 4128; 4128.0; 4128; 4096; 4096.0; 4096; -1.1741531963441169E-5; 0.009643255453523056; 3.0709802165005766; 3.0471741683106495
248; 4128; 4128.0; 4128; 4096; 4096.0; 4096; 2.8948635100140075E-5; 0.009626008177528449; 3.060004944119282; 3.036283975560218
260; 4128; 4128.0; 4128; 4096; 4096.0; 4096; 4.0772326664993075E-6; 0.009662910621548781; 3.08351169964165; 3.0596085081715594
273; 4128; 4128.0; 4128; 4096; 4096.0; 4096; 6.139737819157707E-6; 0.00968856278681358; 3.0999050508159307; 3.0758747791041796
286; 4128; 4128.0; 4128; 4096; 4096.0; 4096; -4.245048606022048E-6; 0.009685000927291652; 3.0976261995652052; 3.073613593367025
300; 4128; 4128.0; 4128; 4096; 4096.0; 4096; 3.77709095477536E-5; 0.009660299887722715; 3.08184571283837; 3.0579554359946615
314; 4128; 4128.0; 4128; 4096; 4096.0; 4096; 6.54340423620146E-5; 0.009618320544266609; 3.055119263206831; 3.0314361681432125
329; 4128; 4128.0; 4128; 4096; 4096.0; 4096; 4.6124423151076815E-5; 0.009606877023135382; 3.0478538526096397; 3.024227078558402
345; 4128; 4128.0; 4128; 4096; 4096.0; 4096; 6.713370931408109E-5; 0.009633678168030874; 3.0648833026125097; 3.04112451732094
362; 4128; 4128.0; 4128; 4096; 4096.0; 4096; 6.366307840307233E-5; 0.009573142055787567; 3.02648609224121; 3.003024959743216
380; 4128; 4128.0; 4128; 4096; 4096.0; 4096; 2.9201227304006994E-5; 0.009579088228944066; 3.030246947181677; 3.0067566607694163
398; 4128; 4128.0; 4128; 4096; 4096.0; 4096; 5.3342161798350324E-5; 0.009563053856379199; 3.0201108169577386; 2.9966991051983767
417; 4128; 4128.0; 4128; 4096; 4096.0; 4096; 9.814627371323086E-5; 0.009558325003819541; 3.0171247148402673; 2.9937361511593354
437; 4128; 4128.0; 4128; 4096; 4096.0; 4096; 1.2258218674388054E-4; 0.009556746728153096; 3.0161284186527677; 2.9927475781980952
458; 4128; 4128.0; 4128; 4096; 4096.0; 4096; 1.1150290368190045E-4; 0.009518753466090752; 2.992194589112243; 2.9689992822199
480; 4128; 4128.0; 4128; 4096; 4096.0; 4096; 1.3883334242214133E-4; 0.009583906301508757; 3.033296010111181; 3.0097820875521797
504; 4128; 4128.0; 4128; 4096; 4096.0; 4096; 1.2158768507897643E-4; 0.009606418190756078; 3.047562723528683; 3.0239382062920264
529; 4128; 4128.0; 4128; 4096; 4096.0; 4096; 9.649937062520174E-5; 0.009628461032097906; 3.061564615223038; 3.0378315561903015
555; 4128; 4128.0; 4128; 4096; 4096.0; 4096; 3.3695830348694413E-5; 0.0097218962716781; 3.121272181280677; 3.0970762728986556
582; 4128; 4128.0; 4128; 4096; 4096.0; 4096; -1.316698171140758E-6; 0.009737378324144052; 3.131221305586904; 3.106948272210261
611; 4128; 4128.0; 4128; 4096; 4096.0; 4096; 1.0245826698291125E-5; 0.009719988295999573; 3.1200471677935515; 3.095860755640113
641; 4128; 4128.0; 4128; 4096; 4096.0; 4096; -1.279003067216563E-5; 0.009716282663553394; 3.1176686579074055; 3.0935006838151002
673; 4128; 4128.0; 4128; 4096; 4096.0; 4096; -2.3924527272894715E-5; 0.009770069692039798; 3.152281541264278; 3.1278452502467258
706; 4128; 4128.0; 4128; 4096; 4096.0; 4096; -4.164911951695552E-5; 0.009760775774590027; 3.1462870886695002; 3.1218972662767137
741; 4128; 4128.0; 4128; 4096; 4096.0; 4096; -8.941480009196236E-5; 0.009755132340853555; 3.1426499331574114; 3.1182883057685946
778; 4128; 4128.0; 4128; 4096; 4096.0; 4096; -8.169422631750932E-5; 0.009786837272368475; 3.1631108376731865; 3.138590598621456
816; 4128; 4128.0; 4128; 4096; 4096.0; 4096; -2.9917909187532347E-5; 0.009755777776017898; 3.143065805296837; 3.118700954092986
856; 4128; 4128.0; 4128; 4096; 4096.0; 4096; -2.8426693932355688E-5; 0.009755858390956159; 3.1431177497155254; 3.1187524958417616
898; 4128; 4128.0; 4128; 4096; 4096.0; 4096; -7.28522075042622E-5; 0.009714210204244598; 3.1163388175616586; 3.092181152309243
942; 4128; 4128.0; 4128; 4096; 4096.0; 4096; 6.050637252534207E-6; 0.009737142768498921; 3.131069813489377; 3.1067979544700792
989; 4128; 4128.0; 4128; 4096; 4096.0; 4096; -2.491228302688326E-5; 0.009735671535340636; 3.13012370725924; 3.105859182396765
1038; 4128; 4128.0; 4128; 4096; 4096.0; 4096; 2.6016479430620424E-6; 0.009751786154403027; 3.140494331636646; 3.1161494143371375
1089; 4128; 4128.0; 4128; 4096; 4096.0; 4096; -2.772862373400501E-5; 0.00973562230338433; 3.1300920501263145; 3.1058277706679704
1143; 4128; 4128.0; 4128; 4096; 4096.0; 4096; -8.231829071355373E-5; 0.009714600910974681; 3.116589501664462; 3.0924298931244274
1200; 4128; 4128.0; 4128; 4096; 4096.0; 4096; -8.348498542287457E-5; 0.009737584280211747; 3.131353764412229; 3.107079704222987
1260; 4128; 4128.0; 4128; 4096; 4096.0; 4096; -1.3529648134928657E-4; 0.00979820337688216; 3.170462165632537; 3.1458849395423623
1323; 4128; 4128.0; 4128; 4096; 4096.0; 4096; -1.2863742203954683E-4; 0.009745734667269763; 3.1365978630200964; 3.1122831509036613
1389; 4128; 4128.0; 4128; 4096; 4096.0; 4096; -1.7383914256346381E-4; 0.009758272454614088; 3.1446734560010055; 3.120296142388595
1458; 4128; 4128.0; 4128; 4096; 4096.0; 4096; -1.7021355301961538E-4; 0.009768678070692833; 3.1513836009215286; 3.1269542706818267
1530; 4128; 4128.0; 4128; 4096; 4096.0; 4096; -1.5730747868239467E-4; 0.009773801177966342; 3.15468990493893; 3.1302349444355273
1606; 4128; 4128.0; 4128; 4096; 4096.0; 4096; -1.9151175232234445E-4; 0.009778982661390583; 3.1580356464740644; 3.1335547499897696
1686; 4128; 4128.0; 4128; 4096; 4096.0; 4096; -1.1586282816777508E-4; 0.009773448724889349; 3.1544623864748336; 3.130009189680455
1770; 4128; 4128.0; 4128; 4096; 4096.0; 4096; -2.451719970287648E-5; 0.009779757229714164; 3.1585359462161646; 3.134051171439295
1858; 4128; 4128.0; 4128; 4096; 4096.0; 4096; -1.562066037733763E-5; 0.009814195753738132; 3.180820106177848; 3.156162585974919
1950; 4128; 4128.0; 4128; 4096; 4096.0; 4096; 5.709204897133041E-7; 0.009814449413788473; 3.1809845327769257; 3.156325737949198
2047; 4128; 4128.0; 4128; 4096; 4096.0; 4096; 1.6932189876959147E-5; 0.009836770922038442; 3.195470341189957; 3.1706992532737557
2149; 4128; 4128.0; 4128; 4096; 4096.0; 4096; 7.723058745669355E-6; 0.009874863999470698; 3.2202672978015934; 3.1953039854155345
2256; 4128; 4128.0; 4128; 4096; 4096.0; 4096; 3.587728096674766E-5; 0.00991660013016154; 3.2475457536655523; 3.2223709803813234
2368; 4128; 4128.0; 4128; 4096; 4096.0; 4096; -2.7301873124812453E-5; 0.009910697187849255; 3.2436806447750053; 3.218535833575199
2486; 4128; 4128.0; 4128; 4096; 4096.0; 4096; 5.7183629032103335E-6; 0.009859568400747271; 3.2102990047546425; 3.1854129659580948
2610; 4128; 4128.0; 4128; 4096; 4096.0; 4096; -1.9065590629233978E-5; 0.00984575529043476; 3.2013101424248336; 3.176493784731618
2740; 4128; 4128.0; 4128; 4096; 4096.0; 4096; -2.0629482377238304E-5; 0.009843306888229597; 3.199718162935553; 3.174914146168611
2877; 4128; 4128.0; 4128; 4096; 4096.0; 4096; -5.405764151414042E-5; 0.009797675244344554; 3.1701203929548374; 3.145545816265265
3020; 4128; 4128.0; 4128; 4096; 4096.0; 4096; -3.643775957455912E-5; 0.009810076878532942; 3.1781507785706844; 3.153513950829826
3171; 4128; 4128.0; 4128; 4096; 4096.0; 4096; -3.0847278875231445E-5; 0.009802412780819817; 3.1731868738559443; 3.1485885259965958
3329; 4128; 4128.0; 4128; 4096; 4096.0; 4096; -5.531681440526735E-5; 0.009721826372568446; 3.1212272983985634; 3.097031737945861
3495; 4128; 4128.0; 4128; 4096; 4096.0; 4096; -6.395510757561883E-5; 0.009677427302060929; 3.092783435540732; 3.0688083701489433
3669; 4128; 4128.0; 4128; 4096; 4096.0; 4096; -3.2309460527726615E-5; 0.00962080706030634; 3.05669907850793; 3.03300373681407
3852; 4128; 4128.0; 4128; 4096; 4096.0; 4096; -3.1896073365918674E-5; 0.009678318582737237; 3.0933531458497137; 3.069373664098941
4044; 4128; 4128.0; 4128; 4096; 4096.0; 4096; -1.585771385522998E-5; 0.009647391459258123; 3.0736150768367336; 3.0497886033728827
4246; 4128; 4128.0; 4128; 4096; 4096.0; 4096; 1.355766561970952E-6; 0.009628574394730638; 3.0616367075474584; 3.0379030896594936
4458; 4128; 4128.0; 4128; 4096; 4096.0; 4096; 1.9334159093221237E-6; 0.009609011157267259; 3.049208143166152; 3.0255708707385076
4680; 4128; 4128.0; 4128; 4096; 4096.0; 4096; 3.6291304997270206E-5; 0.009582686878986002; 3.032524167390483; 3.009016228108386
4913; 4128; 4128.0; 4128; 4096; 4096.0; 4096; 1.907063766720539E-5; 0.009582133210762329; 3.032173751315066; 3.0086685284366546
5158; 4128; 4128.0; 4128; 4096; 4096.0; 4096; 7.060194237793972E-5; 0.009557241811473976; 3.0164409253235824; 2.993057662336578
5415; 4128; 4128.0; 4128; 4096; 4096.0; 4096; 9.915364655393705E-5; 0.009585852613098434; 3.0345281462492024; 3.0110046722472705
5685; 4128; 4128.0; 4128; 4096; 4096.0; 4096; 7.941581018840113E-5; 0.009596475715459773; 3.041257639502281; 3.017681998885984
5969; 4128; 4128.0; 4128; 4096; 4096.0; 4096; 2.985244998824479E-5; 0.009553461627516205; 3.0140552063556534; 2.9906904373141368
6267; 4128; 4128.0; 4128; 4096; 4096.0; 4096; 1.6065390040268024E-5; 0.009560690399019883; 3.018618193116804; 2.995218052084891
6580; 4128; 4128.0; 4128; 4096; 4096.0; 4096; 1.0599148841870083E-5; 0.009544320173534866; 3.0082898271149707; 2.9849697509357846
6909; 4128; 4128.0; 4128; 4096; 4096.0; 4096; 1.4432542467142695E-5; 0.009549211241017387; 3.0113738641917176; 2.9880298807483707
7254; 4128; 4128.0; 4128; 4096; 4096.0; 4096; 1.806269744480993E-5; 0.009482568722703035; 2.969488674795873; 2.9464693827431923
7616; 4128; 4128.0; 4128; 4096; 4096.0; 4096; -1.4792118268354311E-5; 0.009430174677386594; 2.936764693385475; 2.913999075607293
7996; 4128; 4128.0; 4128; 4096; 4096.0; 4096; -3.227165919344605E-5; 0.009413530255532475; 2.926406961015159; 2.903721635735972
8395; 4128; 4128.0; 4128; 4096; 4096.0; 4096; 2.905948667119523E-5; 0.00942249086833983; 2.9319808274302015; 2.909252293884231
8814; 4128; 4128.0; 4128; 4096; 4096.0; 4096; 6.52956022464109E-5; 0.009402478355134818; 2.9195395326009494; 2.896907443200942
9254; 4128; 4128.0; 4128; 4096; 4096.0; 4096; 1.2157828802782538E-4; 0.009425986439819517; 2.9341566532895547; 2.9114112528764573
9716; 4128; 4128.0; 4128; 4096; 4096.0; 4096; 1.3722007314633775E-4; 0.009512027757682617; 2.9879676662060213; 2.9648051261579127
10201; 4128; 4128.0; 4128; 4096; 4096.0; 4096; 1.2144989757653215E-4; 0.009532410594161737; 3.0007869117193247; 2.9775249976749887
10711; 4128; 4128.0; 4128; 4096; 4096.0; 4096; 9.79109797538903E-5; 0.009531101815451665; 2.9999629655882947; 2.976707438723269
11246; 4128; 4128.0; 4128; 4096; 4096.0; 4096; 7.294020322440438E-5; 0.009574509873907655; 3.0273510074871335; 3.0038831702197912
11808; 4128; 4128.0; 4128; 4096; 4096.0; 4096; 6.976993395264366E-5; 0.009634220197906948; 3.0652281978897418; 3.041466738991372
12398; 4128; 4128.0; 4128; 4096; 4096.0; 4096; 5.564798684935768E-5; 0.009677665672926336; 3.09293579804796; 3.068959551551464
13017; 4128; 4128.0; 4128; 4096; 4096.0; 4096; 4.3511551286197625E-5; 0.009698302047199266; 3.106140435259782; 3.0820618272345124
13667; 4128; 4128.0; 4128; 4096; 4096.0; 4096; 1.076354495487716E-4; 0.009718770145456732; 3.11926518146266; 3.095084831218764
14350; 4128; 4128.0; 4128; 4096; 4096.0; 4096; 1.3969438462074662E-4; 0.009747083009204365; 3.1374658322670936; 3.1131443917068835
15067; 4128; 4128.0; 4128; 4096; 4096.0; 4096; 1.0424583558632275E-4; 0.00982446952328156; 3.1874831314922427; 3.1627739599302873
15820; 4128; 4128.0; 4128; 4096; 4096.0; 4096; 7.108323082324682E-5; 0.009890513086966856; 3.2304819550532295; 3.205439459277623
16610; 4128; 4128.0; 4128; 4096; 4096.0; 4096; 3.8912469321769005E-5; 0.009928444399593827; 3.255308046658959; 3.2300731005608267
17440; 4128; 4128.0; 4128; 4096; 4096.0; 4096; 3.5348176614908016E-5; 0.010046713033779589; 3.333325086469645; 3.307485357117167
18311; 4128; 4128.0; 4128; 4096; 4096.0; 4096; -2.7958410497894634E-5; 0.010094088454729115; 3.364835892074121; 3.338751892910756
19226; 4128; 4128.0; 4128; 4096; 4096.0; 4096; -3.4724991706416214E-5; 0.010137539810446692; 3.3938670155987225; 3.3675579689661745
20187; 4128; 4128.0; 4128; 4096; 4096.0; 4096; -2.8381551879386626E-5; 0.010179965949876848; 3.422333483403292; 3.3958037664776857
21196; 4128; 4128.0; 4128; 4096; 4096.0; 4096; -1.5005832805684017E-6; 0.01027396915894539; 3.4858299018204093; 3.4588079645969954
22255; 4128; 4128.0; 4128; 4096; 4096.0; 4096; -2.3951737183400127E-5; 0.010331674666178601; 3.5250973904897567; 3.497771054129371
23367; 4128; 4128.0; 4128; 4096; 4096.0; 4096; -5.216660094275779E-5; 0.01037838591889636; 3.557044572753783; 3.529470583817707
24535; 4128; 4128.0; 4128; 4096; 4096.0; 4096; -5.0172613731169455E-5; 0.01044490960092529; 3.602790814137258; 3.574862203174954
25761; 4128; 4128.0; 4128; 4096; 4096.0; 4096; -3.330016569184567E-5; 0.010520672548287327; 3.655246607874295; 3.6269113628520135
27049; 4128; 4128.0; 4128; 4096; 4096.0; 4096; -4.2636947999724446E-5; 0.01061838796545496; 3.7234613824139573; 3.6945973406898185
28401; 4128; 4128.0; 4128; 4096; 4096.0; 4096; -7.633016801706745E-5; 0.010674195143483813; 3.76270310732579; 3.7335348661837298
29821; 4128; 4128.0; 4128; 4096; 4096.0; 4096; -7.79787205787435E-5; 0.010806351410657207; 3.8564512702896834; 3.8265562992021662
31312; 4128; 4128.0; 4128; 4096; 4096.0; 4096; -7.364122280053356E-5; 0.010872004078438953; 3.9034524098369343; 3.8731930888304467
32877; 4128; 4128.0; 4128; 4096; 4096.0; 4096; -5.8532084643754585E-5; 0.010927799218958744; 3.9436202635043633; 3.913049563787275
34520; 4128; 4128.0; 4128; 4096; 4096.0; 4096; -8.140774180765113E-5; 0.010992701750028895; 3.9906033760502777; 3.9596684661584156
36245; 4128; 4128.0; 4128; 4096; 4096.0; 4096; -1.1685526691180003E-4; 0.01101540087986232; 4.00710100331142; 3.976038204836138
38057; 4128; 4128.0; 4128; 4096; 4096.0; 4096; -1.4279421898643686E-4; 0.011089963004138023; 4.061531916000347; 4.03004717246546
39959; 4128; 4128.0; 4128; 4096; 4096.0; 4096; -1.490369042047752E-4; 0.011239394052687585; 4.171723071650557; 4.13938413311063
41956; 4128; 4128.0; 4128; 4096; 4096.0; 4096; -1.2070832770796364E-4; 0.011295347874604334; 4.213363196281446; 4.180701466077713
44053; 4128; 4128.0; 4128; 4096; 4096.0; 4096; -1.1681955536939577E-4; 0.01130582965743102; 4.221186602835772; 4.188464226069604
46255; 4128; 4128.0; 4128; 4096; 4096.0; 4096; -1.0946221249768442E-4; 0.011385508386579417; 4.280894555518018; 4.2477093264054755
48567; 4128; 4128.0; 4128; 4096; 4096.0; 4096; -9.018049626378184E-5; 0.011474424188796272; 4.348019443177435; 4.314313866098541
50995; 4128; 4128.0; 4128; 4096; 4096.0; 4096; -1.333715953186274E-4; 0.011500991399857005; 4.368177052202608; 4.334315214588634
53544; 4128; 4128.0; 4128; 4096; 4096.0; 4096; -1.5882338535894798E-4; 0.011534779949664202; 4.393881127640476; 4.359820033627759
56221; 4128; 4128.0; 4128; 4096; 4096.0; 4096; -2.595357763275549E-4; 0.011595760659304002; 4.440462033805886; 4.406039847497314
59032; 4128; 4128.0; 4128; 4096; 4096.0; 4096; -2.6376277651228607E-4; 0.01161706538103717; 4.456793815214262; 4.422245025949034
61983; 4128; 4128.0; 4128; 4096; 4096.0; 4096; -2.44867711112261E-4; 0.011644944365568117; 4.478210579649481; 4.4434957689545245
65082; 4128; 4128.0; 4128; 4096; 4096.0; 4096; -3.149874881088545E-4; 0.011596268796909325; 4.440851213135947; 4.406426009933344
68336; 4128; 4128.0; 4128; 4096; 4096.0; 4096; -2.88262333397722E-4; 0.011576566985304496; 4.425774210128952; 4.39146588291865
71752; 4128; 4128.0; 4128; 4096; 4096.0; 4096; -3.256649034352575E-4; 0.011579234483705724; 4.427814038654599; 4.393489898820068
75339; 4128; 4128.0; 4128; 4096; 4096.0; 4096; -3.3685161498958036E-4; 0.01171965566974075; 4.535857265466871; 4.500695581238445
79105; 4128; 4128.0; 4128; 4096; 4096.0; 4096; -3.0083807418919406E-4; 0.011720584598718343; 4.536576340558607; 4.501409082104664
83060; 4128; 4128.0; 4128; 4096; 4096.0; 4096; -3.24368820789851E-4; 0.01178868244843453; 4.589445470523816; 4.5538683738530885
87213; 4128; 4128.0; 4128; 4096; 4096.0; 4096; -2.2408724194666698E-4; 0.011799029149232384; 4.597505142659118; 4.561865567909822
91573; 4128; 4128.0; 4128; 4096; 4096.0; 4096; -1.4367004588884018E-4; 0.011820870164446077; 4.61454164898949; 4.578770008299649
96151; 4128; 4128.0; 4128; 4096; 4096.0; 4096; -1.9206604031980778E-4; 0.011814236550378429; 4.609363942300261; 4.573632438871577
100958; 4128; 4128.0; 4128; 4096; 4096.0; 4096; -1.6106010853655898E-4; 0.01183455455821407; 4.625231852872591; 4.589377342385206
106005; 4128; 4128.0; 4128; 4096; 4096.0; 4096; -1.3377923480788513E-4; 0.0118798557693587; 4.660709255679669; 4.624579726565873
111305; 4128; 4128.0; 4128; 4096; 4096.0; 4096; -1.0445607739671708E-4; 0.011873697949815734; 4.655878831986209; 4.619786748017324
116870; 4128; 4128.0; 4128; 4096; 4096.0; 4096; -2.9642289921300053E-5; 0.011950273259340852; 4.716125438849611; 4.679566326920544
122713; 4128; 4128.0; 4128; 4096; 4096.0; 4096; -1.258397465319677E-5; 0.011974665207753666; 4.735397448211049; 4.698688940860576
128848; 4128; 4128.0; 4128; 4096; 4096.0; 4096; -3.271444045298452E-5; 0.01194426725507115; 4.711386141084895; 4.674863767898191
135290; 4128; 4128.0; 4128; 4096; 4096.0; 4096; -3.0752574504472417E-5; 0.011985990478625926; 4.744358871098564; 4.707580895353614
142054; 4128; 4128.0; 4128; 4096; 4096.0; 4096; -4.94323602575549E-5; 0.011991017291783368; 4.748339185727579; 4.711530354830466
149156; 4128; 4128.0; 4128; 4096; 4096.0; 4096; -2.447044193580849E-5; 0.01195849762137717; 4.722619092864606; 4.686009642532322
156613; 4128; 4128.0; 4128; 4096; 4096.0; 4096; -1.075016732416804E-4; 0.011964216161613276; 4.727136875180358; 4.690492403279736
164443; 4128; 4128.0; 4128; 4096; 4096.0; 4096; -9.995531348587333E-5; 0.011929014372679353; 4.699360902032175; 4.662931747752856
172665; 4128; 4128.0; 4128; 4096; 4096.0; 4096; -1.3942723002735648E-4; 0.01194964265962789; 4.715627724894985; 4.67907247121363
181298; 4128; 4128.0; 4128; 4096; 4096.0; 4096; -9.374253904462988E-5; 0.011994133874429923; 4.750807786063208; 4.713979818729385
190362; 4128; 4128.0; 4128; 4096; 4096.0; 4096; -4.450592257459548E-5; 0.01197976422957598; 4.739431136899439; 4.702691360644405
199880; 4128; 4128.0; 4128; 4096; 4096.0; 4096; -9.465789847983265E-5; 0.011953144532673772; 4.71839198316789; 4.681815301127829
209874; 4128; 4128.0; 4128; 4096; 4096.0; 4096; -4.618546949072818E-5; 0.011996933641525726; 4.753025988375847; 4.716180825675258
220367; 4128; 4128.0; 4128; 4096; 4096.0; 4096; -7.177132147518848E-5; 0.011990162873526946; 4.747662525349839; 4.710858939882011
231385; 4128; 4128.0; 4128; 4096; 4096.0; 4096; -5.294438041186233E-5; 0.01201563154459698; 4.7678532563459335; 4.730893153583562
242954; 4128; 4128.0; 4128; 4096; 4096.0; 4096; -1.5263601819649444E-6; 0.012020874695867389; 4.772015173256471; 4.735022807572312
255101; 4128; 4128.0; 4128; 4096; 4096.0; 4096; -1.705531050866274E-5; 0.011998453191115779; 4.754230115415588; 4.717375618396862
267856; 4128; 4128.0; 4128; 4096; 4096.0; 4096; -5.399830571976581E-5; 0.011982070154983777; 4.741255851690221; 4.70450193035929
281248; 4128; 4128.0; 4128; 4096; 4096.0; 4096; -1.0493510730187605E-4; 0.011989238416342172; 4.746930451635827; 4.71013254115803
295310; 4128; 4128.0; 4128; 4096; 4096.0; 4096; -5.649685533806006E-5; 0.012028307377486074; 4.77791821040125; 4.740880084739225
310075; 4128; 4128.0; 4128; 4096; 4096.0; 4096; -2.594406667021675E-5; 0.012084721606114547; 4.822841349721764; 4.785454982669657
325578; 4128; 4128.0; 4128; 4096; 4096.0; 4096; -5.041313111265547E-5; 0.01208812476754436; 4.825558039308238; 4.788150612646934
341856; 4128; 4128.0; 4128; 4096; 4096.0; 4096; -3.27588630647364E-5; 0.012110868529090742; 4.843733660731074; 4.806185337779669
358948; 4128; 4128.0; 4128; 4096; 4096.0; 4096; -1.259034637151862E-5; 0.012143806231583216; 4.870116311792863; 4.832363472166562
376895; 4128; 4128.0; 4128; 4096; 4096.0; 4096; -5.6425394431178944E-5; 0.012142377234554805; 4.868970217703498; 4.831226262527501
395739; 4128; 4128.0; 4128; 4096; 4096.0; 4096; -1.334021065949007E-4; 0.012168410893461358; 4.889871066547729; 4.851965089287669
415525; 4128; 4128.0; 4128; 4096; 4096.0; 4096; -4.479382897586806E-5; 0.012112732197666986; 4.8452245214001675; 4.807664641389313
436301; 4128; 4128.0; 4128; 4096; 4096.0; 4096; -1.4597650843796821E-5; 0.012135380773537811; 4.863360814315237; 4.8256603428864375
458116; 4128; 4128.0; 4128; 4096; 4096.0; 4096; -1.114940130280653E-5; 0.012122488598493106; 4.85303299759534; 4.815412586761267
481021; 4128; 4128.0; 4128; 4096; 4096.0; 4096; -5.177162482009982E-5; 0.012152395934546657; 4.877008326796342; 4.839202060697145
505072; 4128; 4128.0; 4128; 4096; 4096.0; 4096; -5.480524865990618E-5; 0.012175001140379269; 4.895169077018242; 4.857222029909574
530325; 4128; 4128.0; 4128; 4096; 4096.0; 4096; -8.767600795406362E-5; 0.01220199293204515; 4.916898167107762; 4.87878267744026
556841; 4128; 4128.0; 4128; 4096; 4096.0; 4096; -3.4641556025028174E-5; 0.012155990231720756; 4.879893685316114; 4.8420650520966095
584683; 4128; 4128.0; 4128; 4096; 4096.0; 4096; 1.517300212478614E-5; 0.012222282183622975; 4.933263218974178; 4.895020868439494
613917; 4128; 4128.0; 4128; 4096; 4096.0; 4096; 4.645729942972866E-5; 0.012206120353527115; 4.920225089776067; 4.882083810010362
644612; 4128; 4128.0; 4128; 4096; 4096.0; 4096; 1.366758137091692E-4; 0.012216849684952263; 4.928878769405095; 4.890670406851567
676842; 4128; 4128.0; 4128; 4096; 4096.0; 4096; 5.777341379266956E-5; 0.012235954281586659; 4.9443062928279495; 4.905978337069593
710684; 4128; 4128.0; 4128; 4096; 4096.0; 4096; 1.271235654918494E-4; 0.012250211574153727; 4.955835183587164; 4.917417856582611
746218; 4128; 4128.0; 4128; 4096; 4096.0; 4096; 6.567539448382447E-5; 0.012220696354901493; 4.931983130222757; 4.893750702856688
783528; 4128; 4128.0; 4128; 4096; 4096.0; 4096; 3.806510631252236E-5; 0.012211828736235128; 4.9248282060095505; 4.886651243172267
822704; 4128; 4128.0; 4128; 4096; 4096.0; 4096; -1.177521856420812E-5; 0.012211649109598502; 4.924683326182033; 4.886507486444188
863839; 4128; 4128.0; 4128; 4096; 4096.0; 4096; 6.5973861078915685E-6; 0.012210905374271417; 4.924083481001976; 4.8859122912267665
907030; 4128; 4128.0; 4128; 4096; 4096.0; 4096; -7.899846717046904E-5; 0.012230425185685116; 4.93983890655249; 4.901545581695494
952381; 4128; 4128.0; 4128; 4096; 4096.0; 4096; -1.649440381642318E-4; 0.012123025784402455; 4.853463113686526; 4.815839368619189
1000000; 4128; 4128.0; 4128; 4096; 4096.0; 4096; -7.759100647261596E-5; 0.012158972871455788; 4.8822886774412595; 4.844441478391327
